Chain_name,Chain_num,Residue,Type,x,y,z
H,0,ILE,N,23.509,-8.759,17.618
H,0,ILE,CA,24.222,-8.566,16.338
H,0,ILE,C,25.343,-9.603,16.14
H,0,ILE,O,26.142,-9.866,17.049
H,0,ILE,CB,24.941,-7.19,16.272
H,0,ILE,CG1,24.026,-6.019,16.636
H,0,ILE,CG2,25.493,-6.87,14.882
H,0,ILE,CD1,22.922,-5.778,15.604
H,0,VAL,N,25.38,-10.156,14.933
H,0,VAL,CA,26.403,-11.145,14.533
H,0,VAL,C,27.427,-10.496,13.6
H,0,VAL,O,27.069,-9.821,12.628
H,0,VAL,CB,25.768,-12.309,13.76
H,0,VAL,CG1,26.774,-13.407,13.396
H,0,VAL,CG2,24.652,-13.01,14.533
H,0,GLU,N,28.685,-10.711,13.923
H,0,GLU,CA,29.806,-10.207,13.114
H,0,GLU,C,29.855,-8.68,13.092
H,0,GLU,O,30.229,-8.066,12.081
H,0,GLU,CB,29.67,-10.696,11.674
H,0,GLU,CG,29.946,-12.193,11.525
H,0,GLU,CD,31.418,-12.55,11.731
H,0,GLU,OE1,32.337,-11.864,11.141
H,0,GLU,OE2,31.742,-13.538,12.496
H,0,GLY,N,29.475,-8.107,14.208
H,0,GLY,CA,29.515,-6.656,14.401
H,0,GLY,C,30.774,-6.326,15.195
H,0,GLY,O,31.743,-7.096,15.203
H,0,SER,N,30.731,-5.192,15.846
H,0,SER,CA,31.832,-4.728,16.699
H,0,SER,C,31.244,-3.844,17.797
H,0,SER,O,30.127,-3.323,17.668
H,0,SER,CB,32.845,-3.932,15.868
H,0,SER,OG,32.334,-2.636,15.591
H,0,ASP,N,31.999,-3.701,18.866
H,0,ASP,CA,31.582,-2.865,19.998
H,0,ASP,C,31.323,-1.447,19.513
H,0,ASP,O,32.098,-0.889,18.727
H,0,ASP,CB,32.687,-2.777,21.049
H,0,ASP,CG,32.947,-4.089,21.784
H,0,ASP,OD1,32.287,-5.148,21.467
H,0,ASP,OD2,33.834,-4.133,22.72
H,0,ALA,N,30.24,-0.888,19.987
H,0,ALA,CA,29.885,0.486,19.647
H,0,ALA,C,30.779,1.431,20.444
H,0,ALA,O,31.236,1.102,21.548
H,0,ALA,CB,28.421,0.752,20.002
H,0,GLU,N,31.031,2.581,19.858
H,0,GLU,CA,31.805,3.632,20.524
H,0,GLU,C,30.858,4.331,21.499
H,0,GLU,O,29.63,4.263,21.357
H,0,GLU,CB,32.32,4.641,19.497
H,0,GLU,CG,33.473,4.112,18.645
H,0,GLU,CD,33.807,5.033,17.47
H,0,GLU,OE1,34.302,6.204,17.689
H,0,GLU,OE2,33.59,4.639,16.261
H,0,ILE,N,31.421,4.991,22.484
H,0,ILE,CA,30.61,5.701,23.482
H,0,ILE,C,29.848,6.853,22.811
H,0,ILE,O,30.447,7.706,22.139
H,0,ILE,CB,31.498,6.265,24.591
H,0,ILE,CG1,32.231,5.18,25.382
H,0,ILE,CG2,30.713,7.073,25.628
H,0,ILE,CD1,31.31,4.05,25.847
H,0,GLY,N,28.54,6.827,23.015
H,0,GLY,CA,27.608,7.85,22.494
H,0,GLY,C,27.473,7.765,20.964
H,0,GLY,O,27.089,8.736,20.298
H,0,MET,N,27.774,6.598,20.426
H,0,MET,CA,27.719,6.361,18.968
H,0,MET,C,26.264,6.266,18.466
H,0,MET,O,25.957,6.611,17.317
H,0,MET,CB,28.437,5.057,18.624
H,0,MET,CG,28.576,4.824,17.119
H,0,MET,SD,29.273,3.233,16.729
H,0,MET,CE,30.443,3.39,15.399
H,0,SER,N,25.398,5.794,19.341
H,0,SER,CA,23.96,5.605,19.041
H,0,SER,C,23.18,6.121,20.162
H,0,SER,O,22.575,5.297,20.891
H,0,SER,CB,23.696,4.106,18.869
H,0,SER,OG,22.474,3.894,18.191
H,0,PRO,N,23.112,7.44,20.412
H,0,PRO,CA,22.496,7.97,21.608
H,0,PRO,C,21.02,7.936,21.636
H,0,PRO,O,20.387,8.185,22.677
H,0,PRO,CB,23.115,9.448,21.744
H,0,PRO,CG,23.205,9.775,20.217
H,0,PRO,CD,23.765,8.501,19.574
H,0,TRP,N,20.332,7.479,20.547
H,0,TRP,CA,18.966,7.264,20.497
H,0,TRP,C,18.615,5.799,20.808
H,0,TRP,O,17.439,5.412,20.833
H,0,TRP,CB,18.442,7.613,19.081
H,0,TRP,CG,19.483,7.267,18.002
H,0,TRP,CD1,19.735,6.057,17.476
H,0,TRP,CD2,20.371,8.193,17.386
H,0,TRP,NE1,20.793,6.218,16.522
H,0,TRP,CE2,21.152,7.477,16.486
H,0,TRP,CE3,20.572,9.571,17.518
H,0,TRP,CZ2,22.146,8.069,15.696
H,0,TRP,CZ3,21.573,10.158,16.716
H,0,TRP,CH2,22.322,9.442,15.849
H,0,GLN,N,19.637,4.994,21.044
H,0,GLN,CA,19.442,3.564,21.356
H,0,GLN,C,18.691,3.403,22.677
H,0,GLN,O,19.043,4.018,23.691
H,0,GLN,CB,20.781,2.843,21.502
H,0,GLN,CG,20.639,1.321,21.421
H,0,GLN,CD,20.468,0.833,19.985
H,0,GLN,OE1,20.977,1.468,19.063
H,0,GLN,NE2,19.779,-0.262,19.736
H,0,VAL,N,17.669,2.573,22.633
H,0,VAL,CA,16.849,2.28,23.816
H,0,VAL,C,16.737,0.775,24.014
H,0,VAL,O,16.672,0.005,23.045
H,0,VAL,CB,15.433,2.837,23.644
H,0,VAL,CG1,14.492,2.438,24.782
H,0,VAL,CG2,15.393,4.366,23.59
H,0,MET,N,16.721,0.403,25.273
H,0,MET,CA,16.578,-0.996,25.672
H,0,MET,C,15.236,-1.191,26.372
H,0,MET,O,14.934,-0.524,27.371
H,0,MET,CB,17.692,-1.405,26.642
H,0,MET,CG,17.447,-2.781,27.276
H,0,MET,SD,18.691,-3.241,28.463
H,0,MET,CE,20.277,-3.368,27.665
H,0,LEU,N,14.456,-2.092,25.81
H,0,LEU,CA,13.166,-2.485,26.39
H,0,LEU,C,13.471,-3.615,27.371
H,0,LEU,O,13.978,-4.677,26.984
H,0,LEU,CB,12.215,-2.943,25.287
H,0,LEU,CG,12.048,-1.907,24.174
H,0,LEU,CD1,10.993,-2.304,23.14
H,0,LEU,CD2,11.619,-0.533,24.696
H,0,PHE,N,13.161,-3.348,28.614
H,0,PHE,CA,13.498,-4.246,29.723
H,0,PHE,C,12.238,-4.694,30.472
H,0,PHE,O,11.419,-3.866,30.9
H,0,PHE,CB,14.423,-3.451,30.652
H,0,PHE,CG,15.179,-4.256,31.711
H,0,PHE,CD1,16.247,-5.093,31.35
H,0,PHE,CD2,14.814,-4.128,33.054
H,0,PHE,CE1,16.949,-5.796,32.342
H,0,PHE,CE2,15.517,-4.826,34.044
H,0,PHE,CZ,16.586,-5.659,33.689
H,0,ARG,N,12.129,-6.005,30.599
H,0,ARG,CA,11.04,-6.645,31.343
H,0,ARG,C,11.384,-6.557,32.824
H,0,ARG,O,12.508,-6.862,33.238
H,0,ARG,CB,10.908,-8.107,30.917
H,0,ARG,CG,9.666,-8.787,31.493
H,0,ARG,CD,9.674,-10.301,31.295
H,0,ARG,NE,8.353,-10.909,31.486
H,0,ARG,CZ,7.946,-12.022,30.865
H,0,ARG,NH1,8.749,-12.662,30.004
H,0,ARG,NH2,6.741,-12.579,31.041
H,0,LYS,N,10.417,-6.133,33.593
H,0,LYS,CA,10.605,-5.936,35.031
H,0,LYS,C,10.903,-7.247,35.757
H,0,LYS,O,11.806,-7.317,36.604
H,0,LYS,CB,9.349,-5.347,35.644
H,0,LYS,CG,9.179,-3.87,35.318
H,0,LYS,CD,8.128,-3.197,36.19
H,0,LYS,CE,7.776,-1.793,35.71
H,0,LYS,NZ,6.602,-1.236,36.391
H,0,SER,N,10.142,-8.271,35.422
H,0,SER,CA,10.269,-9.563,36.106
H,0,SER,C,9.711,-10.685,35.297
H,0,SER,O,8.537,-10.574,34.938
H,0,SER,CB,9.489,-9.492,37.422
H,0,SER,OG,9.797,-10.602,38.24
H,0,PRO,N,10.493,-11.695,34.968
H,0,PRO,CA,11.889,-11.785,35.316
H,0,PRO,C,12.721,-10.737,34.526
H,0,PRO,O,12.221,-10.157,33.512
H,0,PRO,CB,12.284,-13.173,34.887
H,0,PRO,CG,11.188,-13.695,33.963
H,0,PRO,CD,10.009,-12.819,34.113
H,0,GLN,N,13.773,-10.247,35.139
H,0,GLN,CA,14.477,-9.03,34.66
H,0,GLN,C,15.244,-9.455,33.415
H,0,GLN,O,16.195,-10.238,33.482
H,0,GLN,CB,15.509,-8.47,35.671
H,0,GLN,CG,14.883,-7.516,36.702
H,0,GLN,CD,15.893,-6.56,37.362
H,0,GLN,OE1,17.076,-6.576,37.025
H,0,GLN,NE2,15.492,-5.714,38.298
H,0,GLU,N,14.835,-8.979,32.265
H,0,GLU,CA,15.528,-9.374,31.038
H,0,GLU,C,15.33,-8.365,29.93
H,0,GLU,O,14.401,-7.549,29.963
H,0,GLU,CB,15.004,-10.723,30.541
H,0,GLU,CG,13.495,-10.739,30.293
H,0,GLU,CD,12.975,-12.145,29.997
H,0,GLU,OE1,13.744,-13.164,30.186
H,0,GLU,OE2,11.775,-12.312,29.561
H,0,LEU,N,16.235,-8.452,28.979
H,0,LEU,CA,16.165,-7.62,27.792
H,0,LEU,C,15.095,-8.187,26.89
H,0,LEU,O,15.098,-9.379,26.565
H,0,LEU,CB,17.467,-7.632,27.006
H,0,LEU,CG,17.252,-7.117,25.58
H,0,LEU,CD1,17.925,-5.77,25.327
H,0,LEU,CD2,17.781,-8.063,24.506
H,0,LEU,N,14.188,-7.341,26.496
H,0,LEU,CA,13.092,-7.776,25.641
H,0,LEU,C,13.388,-7.467,24.18
H,0,LEU,O,13.21,-8.317,23.297
H,0,LEU,CB,11.804,-7.087,26.058
H,0,LEU,CG,11.243,-7.634,27.372
H,0,LEU,CD1,9.889,-7.03,27.742
H,0,LEU,CD2,11.028,-9.15,27.343
H,0,CYS,N,13.837,-6.255,23.956
H,0,CYS,CA,14.152,-5.789,22.608
H,0,CYS,C,14.866,-4.455,22.645
H,0,CYS,O,15.096,-3.882,23.72
H,0,CYS,CB,12.863,-5.561,21.813
H,0,CYS,SG,12.126,-7.095,21.18
H,0,GLY,N,15.189,-4.028,21.453
H,0,GLY,CA,15.792,-2.731,21.22
H,0,GLY,C,14.658,-1.768,20.887
H,0,GLY,O,13.504,-2.184,20.7
H,0,ALA,N,15.016,-0.518,20.829
H,0,ALA,CA,14.084,0.564,20.515
H,0,ALA,C,14.899,1.809,20.223
H,0,ALA,O,16.134,1.794,20.304
H,0,ALA,CB,13.148,0.807,21.702
H,0,SER,N,14.209,2.871,19.887
H,0,SER,CA,14.873,4.139,19.575
H,0,SER,C,14.071,5.315,20.124
H,0,SER,O,12.837,5.259,20.214
H,0,SER,CB,15.027,4.292,18.061
H,0,SER,OG,13.753,4.413,17.453
H,0,LEU,N,14.824,6.339,20.469
H,0,LEU,CA,14.297,7.596,21.019
H,0,LEU,C,14.104,8.599,19.875
H,0,LEU,O,15.061,8.98,19.19
H,0,LEU,CB,15.31,8.145,22.029
H,0,LEU,CG,14.805,9.359,22.803
H,0,LEU,CD1,13.724,9.007,23.825
H,0,LEU,CD2,15.912,10.061,23.594
H,0,ILE,N,12.863,9.03,19.669
H,0,ILE,CA,12.555,9.962,18.56
H,0,ILE,C,12.101,11.348,19.055
H,0,ILE,O,11.781,12.24,18.257
H,0,ILE,CB,11.475,9.376,17.64
H,0,ILE,CG1,10.163,9.058,18.359
H,0,ILE,CG2,11.902,8.066,16.976
H,0,ILE,CD1,9.01,8.772,17.39
H,0,SER,N,12.094,11.496,20.356
H,0,SER,CA,11.724,12.753,21.032
H,0,SER,C,11.959,12.537,22.519
H,0,SER,O,12.359,11.452,22.952
H,0,SER,CB,10.268,13.112,20.718
H,0,SER,OG,9.419,12.677,21.764
H,0,ASP,N,11.719,13.539,23.324
H,0,ASP,CA,11.995,13.387,24.754
H,0,ASP,C,10.9,12.571,25.458
H,0,ASP,O,10.984,12.284,26.657
H,0,ASP,CB,12.166,14.749,25.433
H,0,ASP,CG,10.882,15.569,25.538
H,0,ASP,OD1,9.795,15.139,25.003
H,0,ASP,OD2,10.896,16.7,26.163
H,0,ARG,N,9.867,12.163,24.732
H,0,ARG,CA,8.787,11.392,25.377
H,0,ARG,C,8.205,10.287,24.492
H,0,ARG,O,7.191,9.662,24.834
H,0,ARG,CB,7.64,12.309,25.775
H,0,ARG,CG,7.756,12.788,27.222
H,0,ARG,CD,6.442,13.322,27.784
H,0,ARG,NE,5.544,12.261,28.26
H,0,ARG,CZ,4.392,12.498,28.898
H,0,ARG,NH1,3.989,13.752,29.145
H,0,ARG,NH2,3.565,11.539,29.333
H,0,TRP,N,8.839,10.035,23.37
H,0,TRP,CA,8.359,8.991,22.454
H,0,TRP,C,9.497,8.061,22.046
H,0,TRP,O,10.587,8.515,21.668
H,0,TRP,CB,7.75,9.62,21.203
H,0,TRP,CG,6.395,10.276,21.472
H,0,TRP,CD1,6.163,11.574,21.704
H,0,TRP,CD2,5.149,9.595,21.521
H,0,TRP,NE1,4.754,11.722,21.9
H,0,TRP,CE2,4.178,10.551,21.787
H,0,TRP,CE3,4.762,8.259,21.361
H,0,TRP,CZ2,2.816,10.251,21.901
H,0,TRP,CZ3,3.387,7.964,21.479
H,0,TRP,CH2,2.461,8.915,21.736
H,0,VAL,N,9.182,6.784,22.146
H,0,VAL,CA,10.097,5.695,21.791
H,0,VAL,C,9.431,4.811,20.731
H,0,VAL,O,8.247,4.458,20.846
H,0,VAL,CB,10.427,4.87,23.037
H,0,VAL,CG1,11.226,3.604,22.722
H,0,VAL,CG2,11.261,5.643,24.061
H,0,LEU,N,10.229,4.497,19.733
H,0,LEU,CA,9.819,3.687,18.575
H,0,LEU,C,10.425,2.283,18.69
H,0,LEU,O,11.596,2.119,19.052
H,0,LEU,CB,10.331,4.381,17.306
H,0,LEU,CG,9.919,3.699,16.002
H,0,LEU,CD1,8.413,3.751,15.748
H,0,LEU,CD2,10.567,4.341,14.769
H,0,THR,N,9.612,1.29,18.383
H,0,THR,CA,10.044,-0.118,18.423
H,0,THR,C,9.153,-0.959,17.512
H,0,THR,O,8.243,-0.439,16.851
H,0,THR,CB,9.964,-0.658,19.857
H,0,THR,OG1,10.663,-1.892,19.951
H,0,THR,CG2,8.531,-0.908,20.328
H,0,ALA,N,9.448,-2.242,17.496
H,0,ALA,CA,8.69,-3.214,16.701
H,0,ALA,C,7.492,-3.687,17.522
H,0,ALA,O,7.606,-3.942,18.73
H,0,ALA,CB,9.575,-4.408,16.346
H,0,ALA,N,6.376,-3.789,16.839
H,0,ALA,CA,5.105,-4.19,17.452
H,0,ALA,C,5.196,-5.589,18.079
H,0,ALA,O,4.628,-5.848,19.148
H,0,ALA,CB,3.999,-4.213,16.397
H,0,HIS,N,5.912,-6.471,17.405
H,0,HIS,CA,6.038,-7.874,17.846
H,0,HIS,C,6.844,-7.98,19.15
H,0,HIS,O,6.9,-9.042,19.786
H,0,HIS,CB,6.664,-8.728,16.734
H,0,HIS,CG,8.193,-8.812,16.768
H,0,HIS,ND1,8.981,-8.152,15.83
H,0,HIS,CD2,9.053,-9.467,17.592
H,0,HIS,CE1,10.246,-8.415,16.098
H,0,HIS,NE2,10.307,-9.197,17.145
H,0,CYS,N,7.45,-6.876,19.539
H,0,CYS,CA,8.222,-6.815,20.79
H,0,CYS,C,7.266,-6.68,21.974
H,0,CYS,O,7.626,-6.967,23.124
H,0,CYS,CB,9.157,-5.604,20.783
H,0,CYS,SG,10.672,-5.88,19.812
H,0,LEU,N,6.061,-6.247,21.649
H,0,LEU,CA,5.013,-6.012,22.649
H,0,LEU,C,3.832,-6.969,22.472
H,0,LEU,O,3.178,-7.366,23.446
H,0,LEU,CB,4.472,-4.587,22.523
H,0,LEU,CG,5.539,-3.52,22.768
H,0,LEU,CD1,5.045,-2.102,22.476
H,0,LEU,CD2,6.039,-3.496,24.213
H,0,LEU,N,3.572,-7.332,21.231
H,0,LEU,CA,2.424,-8.192,20.913
H,0,LEU,C,2.768,-9.244,19.854
H,0,LEU,O,3.023,-8.916,18.687
H,0,LEU,CB,1.28,-7.323,20.383
H,0,LEU,CG,0.036,-8.119,19.989
H,0,LEU,CD1,-0.611,-8.842,21.171
H,0,LEU,CD2,-1.065,-7.241,19.388
H,0,TYR,N,2.758,-10.487,20.312
H,0,TYR,CA,2.975,-11.664,19.454
H,0,TYR,C,2.23,-12.934,20.084
H,0,TYR,O,2.821,-13.833,20.63
H,0,TYR,CB,4.446,-11.981,19.269
H,0,TYR,CG,4.644,-12.837,18.023
H,0,TYR,CD1,4.206,-12.361,16.781
H,0,TYR,CD2,5.241,-14.094,18.124
H,0,TYR,CE1,4.362,-13.148,15.638
H,0,TYR,CE2,5.396,-14.884,16.98
H,0,TYR,CZ,4.955,-14.411,15.738
H,0,TYR,OH,5.103,-15.182,14.628
H,0,PRO,N,0.964,-12.948,19.754
H,0,PRO,CA,0.078,-14.091,20.25
H,0,PRO,C,0.533,-15.388,19.932
H,0,PRO,O,0.362,-16.33,20.793
H,0,PRO,CB,-1.273,-13.752,19.563
H,0,PRO,CG,-1.242,-12.259,19.512
H,0,PRO,CD,0.163,-12.033,18.954
H,0,PRO,N,1.251,-15.878,18.924
H,0,PRO,CA,1.741,-17.15,18.71
H,0,PRO,C,2.632,-17.591,19.874
H,0,PRO,O,2.846,-18.773,19.949
H,0,PRO,CB,2.586,-17.126,17.418
H,0,PRO,CG,1.824,-16.108,16.646
H,0,PRO,CD,1.353,-15.083,17.611
H,0,TRP,N,3.269,-16.647,20.551
H,0,TRP,CA,4.255,-17.043,21.592
H,0,TRP,C,3.726,-16.6,22.957
H,0,TRP,O,4.456,-16.613,23.96
H,0,TRP,CB,5.591,-16.29,21.286
H,0,TRP,CG,6.384,-16.832,20.098
H,0,TRP,CD1,6.13,-17.934,19.379
H,0,TRP,CD2,7.55,-16.221,19.569
H,0,TRP,NE1,7.15,-18.023,18.375
H,0,TRP,CE2,7.971,-17.007,18.505
H,0,TRP,CE3,8.278,-15.073,19.9
H,0,TRP,CZ2,9.101,-16.706,17.733
H,0,TRP,CZ3,9.414,-14.779,19.118
H,0,TRP,CH2,9.805,-15.558,18.085
H,0,ASP,N,2.465,-16.21,22.916
H,0,ASP,CA,1.709,-15.744,24.086
H,0,ASP,C,2.364,-14.509,24.698
H,0,ASP,O,2.514,-14.406,25.925
H,0,ASP,CB,1.635,-16.845,25.136
H,0,ASP,CG,0.629,-17.93,24.764
H,0,ASP,OD1,-0.631,-17.657,24.733
H,0,ASP,OD2,1.042,-19.116,24.474
H,0,LYS,N,2.734,-13.607,23.816
H,0,LYS,CA,3.339,-12.333,24.202
H,0,LYS,C,2.339,-11.2,23.972
H,0,LYS,O,1.874,-10.978,22.844
H,0,LYS,CB,4.59,-12.05,23.369
H,0,LYS,CG,5.128,-10.632,23.578
H,0,LYS,CD,6.29,-10.289,22.646
H,0,LYS,CE,7.496,-11.211,22.831
H,0,LYS,NZ,8.47,-11.107,21.736
H,0,ASN,N,2.04,-10.529,25.063
H,0,ASN,CA,1.122,-9.383,25.08
H,0,ASN,C,1.37,-8.561,26.339
H,0,ASN,O,0.603,-8.631,27.31
H,0,ASN,CB,-0.332,-9.855,25.068
H,0,ASN,CG,-1.319,-8.71,24.821
H,0,ASN,OD1,-0.912,-7.549,24.764
H,0,ASN,ND2,-2.604,-8.965,24.666
H,0,PHE,N,2.448,-7.809,26.274
H,0,PHE,CA,2.889,-6.951,27.377
H,0,PHE,C,2.04,-5.684,27.462
H,0,PHE,O,1.641,-5.112,26.437
H,0,PHE,CB,4.337,-6.498,27.153
H,0,PHE,CG,5.364,-7.626,27.282
H,0,PHE,CD1,5.59,-8.23,28.524
H,0,PHE,CD2,6.083,-8.048,26.156
H,0,PHE,CE1,6.535,-9.258,28.641
H,0,PHE,CE2,7.027,-9.075,26.274
H,0,PHE,CZ,7.253,-9.68,27.516
H,0,THR,N,1.79,-5.294,28.696
H,0,THR,CA,1.075,-4.053,29.009
H,0,THR,C,2.119,-3.048,29.494
H,0,THR,O,3.301,-3.381,29.647
H,0,THR,CB,-0.007,-4.308,30.063
H,0,THR,OG1,-0.788,-3.134,30.25
H,0,THR,CG2,0.563,-4.7,31.425
H,0,GLU,N,1.678,-1.84,29.734
H,0,GLU,CA,2.575,-0.742,30.131
H,0,GLU,C,3.472,-1.095,31.341
H,0,GLU,O,4.706,-1.058,31.257
H,0,GLU,CB,1.764,0.501,30.488
H,0,GLU,CG,1.27,1.259,29.253
H,0,GLU,CD,0.118,0.546,28.547
H,0,GLU,OE1,-0.428,-0.488,29.093
H,0,GLU,OE2,-0.31,0.978,27.411
H,0,ASN,N,2.848,-1.436,32.458
H,0,ASN,CA,3.576,-1.681,33.73
H,0,ASN,C,4.437,-2.954,33.732
H,0,ASN,O,5.094,-3.283,34.73
H,0,ASN,CB,2.612,-1.82,34.9
H,0,ASN,CG,1.493,-0.785,34.876
H,0,ASN,OD1,1.759,0.412,34.802
H,0,ASN,ND2,0.238,-1.185,34.933
H,0,ASP,N,4.443,-3.68,32.642
H,0,ASP,CA,5.273,-4.89,32.557
H,0,ASP,C,6.698,-4.518,32.163
H,0,ASP,O,7.646,-5.281,32.397
H,0,ASP,CB,4.781,-5.831,31.458
H,0,ASP,CG,3.472,-6.545,31.777
H,0,ASP,OD1,3.135,-6.767,32.999
H,0,ASP,OD2,2.704,-6.926,30.811
H,0,LEU,N,6.8,-3.337,31.575
H,0,LEU,CA,8.06,-2.866,30.99
H,0,LEU,C,8.596,-1.563,31.578
H,0,LEU,O,7.887,-0.851,32.306
H,0,LEU,CB,7.866,-2.594,29.499
H,0,LEU,CG,6.805,-3.492,28.862
H,0,LEU,CD1,6.009,-2.788,27.761
H,0,LEU,CD2,7.395,-4.745,28.211
H,0,LEU,N,9.842,-1.368,31.178
H,0,LEU,CA,10.683,-0.208,31.49
H,0,LEU,C,11.542,0.095,30.262
H,0,LEU,O,11.826,-0.795,29.447
H,0,LEU,CB,11.65,-0.529,32.637
H,0,LEU,CG,11.01,-0.512,34.025
H,0,LEU,CD1,12.038,-0.677,35.151
H,0,LEU,CD2,10.267,0.787,34.333
H,0,VAL,N,11.938,1.338,30.15
H,0,VAL,CA,12.798,1.784,29.049
H,0,VAL,C,14.097,2.341,29.638
H,0,VAL,O,14.077,3.245,30.484
H,0,VAL,CB,12.077,2.855,28.226
H,0,VAL,CG1,13.008,3.966,27.74
H,0,VAL,CG2,11.409,2.295,26.966
H,0,ARG,N,15.199,1.773,29.182
H,0,ARG,CA,16.546,2.175,29.628
H,0,ARG,C,17.262,2.871,28.468
H,0,ARG,O,17.568,2.248,27.44
H,0,ARG,CB,17.315,0.94,30.098
H,0,ARG,CG,16.595,0.199,31.227
H,0,ARG,CD,17.332,-1.058,31.688
H,0,ARG,NE,18.585,-0.761,32.395
H,0,ARG,CZ,19.32,-1.681,33.032
H,0,ARG,NH1,18.941,-2.966,33.064
H,0,ARG,NH2,20.465,-1.411,33.674
H,0,ILE,N,17.501,4.151,28.685
H,0,ILE,CA,18.103,5.041,27.682
H,0,ILE,C,19.5,5.522,28.111
H,0,ILE,O,19.749,5.784,29.298
H,0,ILE,CB,17.189,6.256,27.503
H,0,ILE,CG1,15.707,5.867,27.429
H,0,ILE,CG2,17.48,7.048,26.23
H,0,ILE,CD1,14.764,7.066,27.522
H,0,GLY,N,20.36,5.613,27.1
H,0,GLY,CA,21.752,6.097,27.236
H,0,GLY,C,22.709,4.979,27.684
H,0,GLY,O,23.785,5.24,28.238
H,0,LYS,N,22.318,3.746,27.423
H,0,LYS,CA,23.115,2.571,27.83
H,0,LYS,C,24.184,2.213,26.789
H,0,LYS,O,24.091,2.602,25.615
H,0,LYS,CB,22.213,1.348,27.996
H,0,LYS,CG,21.439,1.351,29.315
H,0,LYS,CD,20.829,-0.011,29.653
H,0,LYS,CE,21.88,-1.066,30.005
H,0,LYS,NZ,22.774,-0.646,31.093
H,0,HIS,N,25.161,1.476,27.29
H,0,HIS,CA,26.286,0.946,26.504
H,0,HIS,C,26.487,-0.515,26.903
H,0,HIS,O,26.381,-1.426,26.07
H,0,HIS,CB,27.549,1.767,26.768
H,0,HIS,CG,28.779,1.234,26.03
H,0,HIS,ND1,28.858,1.221,24.64
H,0,HIS,CD2,29.95,0.71,26.48
H,0,HIS,CE1,30.028,0.71,24.298
H,0,HIS,NE2,30.691,0.4,25.384
H,0,SER,N,26.77,-0.703,28.183
H,0,SER,CA,26.906,-2.047,28.754
H,0,SER,C,25.521,-2.678,28.752
H,0,SER,O,24.514,-2.002,29.006
H,0,SER,CB,27.448,-1.978,30.182
H,0,SER,OG,27.299,-3.244,30.815
H,0,ARG,N,25.493,-3.953,28.467
H,0,ARG,CA,24.234,-4.689,28.346
H,0,ARG,C,23.579,-4.994,29.705
H,0,ARG,O,22.373,-4.793,29.893
H,0,ARG,CB,24.465,-6.028,27.645
H,0,ARG,CG,23.185,-6.859,27.517
H,0,ARG,CD,23.384,-8.15,26.717
H,0,ARG,NE,24.355,-9.064,27.335
H,0,ARG,CZ,24.045,-9.959,28.285
H,0,ARG,NH1,22.791,-10.075,28.742
H,0,ARG,NH2,24.932,-10.791,28.847
H,0,THR,N,24.369,-5.467,30.658
H,0,THR,CA,23.809,-5.949,31.942
H,0,THR,C,24.014,-5.016,33.152
H,0,THR,O,23.229,-5.026,34.109
H,0,THR,CB,24.444,-7.286,32.315
H,0,THR,OG1,25.854,-7.15,32.399
H,0,THR,CG2,24.151,-8.386,31.292
H,0,ARG,N,25.051,-4.22,33.135
H,0,ARG,CA,25.362,-3.349,34.286
H,0,ARG,C,24.412,-2.156,34.376
H,0,ARG,O,23.889,-1.672,33.365
H,0,ARG,CB,26.773,-2.774,34.14
H,0,TYR,N,24.196,-1.707,35.608
H,0,TYR,CA,23.433,-0.476,35.841
H,0,TYR,C,24.432,0.668,35.733
H,0,TYR,O,25.314,0.827,36.587
H,0,TYR,CB,22.77,-0.437,37.22
H,0,TYR,CG,22.136,0.936,37.474
H,0,TYR,CD1,21.058,1.363,36.687
H,0,TYR,CD2,22.639,1.775,38.477
H,0,TYR,CE1,20.501,2.632,36.885
H,0,TYR,CE2,22.087,3.048,38.67
H,0,TYR,CZ,21.021,3.478,37.871
H,0,TYR,OH,20.494,4.719,38.048
H,0,GLU,N,24.281,1.427,34.672
H,0,GLU,CA,25.215,2.513,34.348
H,0,GLU,C,24.809,3.813,35.046
H,0,GLU,O,24.203,4.708,34.435
H,0,GLU,CB,25.297,2.633,32.833
H,0,GLU,CG,25.888,1.355,32.231
H,0,GLU,CD,25.892,1.319,30.708
H,0,GLU,OE1,24.786,1.182,30.064
H,0,GLU,OE2,27.008,1.417,30.07
H,0,ARG,N,25.201,3.819,36.304
H,0,ARG,CA,24.983,4.908,37.26
H,0,ARG,C,25.495,6.238,36.692
H,0,ARG,O,26.611,6.32,36.162
H,0,ARG,CB,25.761,4.578,38.539
H,0,ARG,CG,25.396,5.457,39.73
H,0,ARG,CD,25.796,4.833,41.073
H,0,ARG,NE,27.113,4.175,41.042
H,0,ARG,CZ,28.241,4.735,41.505
H,0,ARG,NH1,28.231,5.966,42.035
H,0,ARG,NH2,29.44,4.138,41.482
H,0,ASN,N,24.651,7.247,36.826
H,0,ASN,CA,24.956,8.622,36.387
H,0,ASN,C,24.982,8.759,34.861
H,0,ASN,O,25.348,9.81,34.318
H,0,ASN,CB,26.355,9.048,36.844
H,0,ASN,CG,26.491,9.221,38.356
H,0,ASN,OD1,27.509,9.734,38.823
H,0,ASN,ND2,25.527,8.818,39.157
H,0,ILE,N,24.604,7.709,34.163
H,0,ILE,CA,24.632,7.747,32.695
H,0,ILE,C,23.282,7.358,32.099
H,0,ILE,O,22.626,8.158,31.42
H,0,ILE,CB,25.748,6.849,32.173
H,0,ILE,CG1,27.137,7.402,32.5
H,0,ILE,CG2,25.71,6.67,30.654
H,0,ILE,CD1,28.257,6.386,32.285
H,0,GLU,N,22.867,6.14,32.347
H,0,GLU,CA,21.588,5.663,31.813
H,0,GLU,C,20.434,6.207,32.662
H,0,GLU,O,20.577,6.422,33.875
H,0,GLU,CB,21.565,4.133,31.779
H,0,GLU,CG,21.305,3.483,33.138
H,0,GLU,CD,20.982,1.99,33.016
H,0,GLU,OE1,19.781,1.613,32.733
H,0,GLU,OE2,21.91,1.11,33.188
H,0,LYS,N,19.332,6.423,31.971
H,0,LYS,CA,18.08,6.913,32.563
H,0,LYS,C,17,5.863,32.347
H,0,LYS,O,16.897,5.259,31.275
H,0,LYS,CB,17.647,8.215,31.879
H,0,LYS,CG,18.627,9.365,32.1
H,0,LYS,CD,18.88,9.656,33.58
H,0,LYS,CE,19.985,10.689,33.804
H,0,LYS,NZ,20.686,10.512,35.083
H,0,ILE,N,16.207,5.644,33.363
H,0,ILE,CA,15.133,4.654,33.283
H,0,ILE,C,13.789,5.384,33.265
H,0,ILE,O,13.531,6.275,34.086
H,0,ILE,CB,15.255,3.703,34.476
H,0,ILE,CG1,16.657,3.105,34.616
H,0,ILE,CG2,14.298,2.513,34.393
H,0,ILE,CD1,16.649,1.673,35.153
H,0,SER,N,12.964,4.992,32.312
H,0,SER,CA,11.636,5.591,32.126
H,0,SER,C,10.553,4.519,32.114
H,0,SER,O,10.754,3.412,31.596
H,0,SER,CB,11.567,6.332,30.788
H,0,SER,OG,12.434,7.453,30.806
H,0,MET,N,9.436,4.896,32.697
H,0,MET,CA,8.243,4.053,32.745
H,0,MET,C,7.358,4.438,31.57
H,0,MET,O,7.464,5.547,31.031
H,0,MET,CB,7.496,4.279,34.055
H,0,MET,CG,8.069,3.472,35.217
H,0,MET,SD,7.381,3.945,36.786
H,0,MET,CE,8.31,3.2,38.106
H,0,LEU,N,6.499,3.526,31.186
H,0,LEU,CA,5.607,3.754,30.045
H,0,LEU,C,4.249,4.265,30.487
H,0,LEU,O,3.658,3.759,31.452
H,0,LEU,CB,5.344,2.461,29.284
H,0,LEU,CG,6.602,1.644,29.019
H,0,LEU,CD1,6.375,0.531,27.993
H,0,LEU,CD2,7.761,2.48,28.478
H,0,GLU,N,3.797,5.251,29.748
H,0,GLU,CA,2.488,5.848,29.968
H,0,GLU,C,1.443,5.119,29.129
H,0,GLU,O,0.336,4.825,29.6
H,0,GLU,CB,2.487,7.322,29.572
H,0,GLU,CG,1.101,7.959,29.696
H,0,GLU,CD,1.134,9.486,29.665
H,0,GLU,OE1,1.823,10.135,30.541
H,0,GLU,OE2,0.47,10.126,28.763
H,0,LYS,N,1.822,4.835,27.895
H,0,LYS,CA,0.924,4.161,26.953
H,0,LYS,C,1.679,3.582,25.756
H,0,LYS,O,2.657,4.169,25.27
H,0,LYS,CB,-0.1,5.158,26.413
H,0,LYS,CG,-1.282,4.484,25.719
H,0,LYS,CD,-2.205,3.757,26.695
H,0,LYS,CE,-3.34,3.007,25.998
H,0,LYS,NZ,-3.627,1.703,26.611
H,0,ILE,N,1.173,2.44,25.333
H,0,ILE,CA,1.676,1.713,24.164
H,0,ILE,C,0.665,1.862,23.025
H,0,ILE,O,-0.553,1.79,23.241
H,0,ILE,CB,1.822,0.217,24.48
H,0,ILE,CG1,3.02,-0.11,25.376
H,0,ILE,CG2,2.007,-0.645,23.227
H,0,ILE,CD1,2.931,-1.505,26.005
H,0,TYR,N,1.192,2.083,21.84
H,0,TYR,CA,0.376,2.2,20.62
H,0,TYR,C,0.958,1.307,19.541
H,0,TYR,O,2.08,1.523,19.069
H,0,TYR,CB,0.373,3.628,20.073
H,0,TYR,CG,-0.141,4.668,21.062
H,0,TYR,CD1,0.756,5.294,21.926
H,0,TYR,CD2,-1.503,4.999,21.096
H,0,TYR,CE1,0.3,6.252,22.831
H,0,TYR,CE2,-1.96,5.96,22.004
H,0,TYR,CZ,-1.058,6.586,22.871
H,0,TYR,OH,-1.499,7.519,23.756
H,0,ILE,N,0.183,0.324,19.181
H,0,ILE,CA,0.57,-0.637,18.156
H,0,ILE,C,-0.175,-0.304,16.874
H,0,ILE,O,-1.364,0.037,16.894
H,0,ILE,CB,0.203,-2.035,18.643
H,0,ILE,CG1,0.944,-2.415,19.926
H,0,ILE,CG2,0.516,-3.128,17.624
H,0,ILE,CD1,0.457,-3.727,20.537
H,0,HIS,N,0.521,-0.382,15.756
H,0,HIS,CA,-0.136,-0.112,14.478
H,0,HIS,C,-1.431,-0.954,14.444
H,0,HIS,O,-1.44,-2.19,14.581
H,0,HIS,CB,0.757,-0.469,13.303
H,0,HIS,CG,0.274,0.213,12.031
H,0,HIS,ND1,-0.832,-0.252,11.33
H,0,HIS,CD2,0.727,1.302,11.36
H,0,HIS,CE1,-1.017,0.538,10.291
H,0,HIS,NE2,-0.097,1.47,10.294
H,0,PRO,N,-2.562,-0.332,14.042
H,0,PRO,CA,-3.845,-1.032,13.944
H,0,PRO,C,-3.874,-2.133,12.929
H,0,PRO,O,-4.746,-3.042,12.962
H,0,PRO,CB,-4.881,0.091,13.598
H,0,PRO,CG,-4.068,1.24,13.053
H,0,PRO,CD,-2.645,1.099,13.669
H,0,ARG,N,-3.059,-1.96,11.874
H,0,ARG,CA,-3.025,-3.084,10.896
H,0,ARG,C,-1.715,-3.903,10.958
H,0,ARG,O,-1.251,-4.45,9.948
H,0,ARG,CB,-3.263,-2.493,9.524
H,0,ARG,CG,-4.493,-1.594,9.428
H,0,ARG,CD,-4.808,-1.198,7.981
H,0,ARG,NE,-4.926,-2.36,7.087
H,0,ARG,CZ,-4.85,-2.297,5.749
H,0,ARG,NH1,-4.646,-1.13,5.123
H,0,ARG,NH2,-4.971,-3.36,4.941
H,0,TYR,N,-1.136,-3.991,12.15
H,0,TYR,CA,0.065,-4.829,12.381
H,0,TYR,C,-0.381,-6.288,12.182
H,0,TYR,O,-1.31,-6.769,12.844
H,0,TYR,CB,0.586,-4.575,13.808
H,0,TYR,CG,1.402,-5.722,14.418
H,0,TYR,CD1,2.497,-6.261,13.727
H,0,TYR,CD2,1.059,-6.224,15.681
H,0,TYR,CE1,3.247,-7.299,14.303
H,0,TYR,CE2,1.809,-7.259,16.255
H,0,TYR,CZ,2.904,-7.796,15.567
H,0,TYR,OH,3.634,-8.799,16.127
H,0,ASN,N,0.275,-6.968,11.258
H,0,ASN,CA,-0.09,-8.353,10.891
H,0,ASN,C,0.805,-9.388,11.582
H,0,ASN,O,1.831,-9.815,11.034
H,0,ASN,CB,0.058,-8.54,9.379
H,0,ASN,CG,-0.611,-9.814,8.862
H,0,ASN,OD1,-0.855,-10.738,9.634
H,0,ASN,ND2,-0.927,-9.919,7.584
H,0,TRP,N,0.387,-9.791,12.773
H,0,TRP,CA,1.132,-10.792,13.556
H,0,TRP,C,0.717,-12.21,13.156
H,0,TRP,O,1.404,-13.19,13.461
H,0,TRP,CB,0.893,-10.625,15.068
H,0,TRP,CG,-0.586,-10.558,15.488
H,0,TRP,CD1,-1.312,-9.451,15.691
H,0,TRP,CD2,-1.431,-11.679,15.744
H,0,TRP,NE1,-2.625,-9.867,16.079
H,0,TRP,CE2,-2.675,-11.175,16.104
H,0,TRP,CE3,-1.249,-13.067,15.698
H,0,TRP,CZ2,-3.769,-11.987,16.429
H,0,TRP,CZ3,-2.358,-13.878,16.025
H,0,TRP,CH2,-3.558,-13.361,16.373
H,0,ARG,N,-0.399,-12.298,12.467
H,0,ARG,CA,-0.95,-13.594,12.05
H,0,ARG,C,-0.132,-14.24,10.93
H,0,ARG,O,0.03,-15.469,10.882
H,0,ARG,CB,-2.366,-13.434,11.503
H,0,ARG,CG,-3.365,-12.939,12.545
H,0,ARG,CD,-4.817,-13.086,12.09
H,0,ARG,NE,-5.752,-13.224,13.212
H,0,ARG,CZ,-6.093,-14.395,13.763
H,0,ARG,NH1,-5.587,-15.548,13.303
H,0,ARG,NH2,-6.942,-14.518,14.792
H,0,GLU,N,0.38,-13.406,10.04
H,0,GLU,CA,1.071,-13.918,8.851
H,0,GLU,C,2.573,-13.575,8.751
H,0,GLU,O,3.44,-14.414,9.032
H,0,GLU,CB,0.435,-13.374,7.573
H,0,GLU,CG,0.913,-14.112,6.319
H,0,GLU,CD,0.596,-13.366,5.023
H,0,GLU,OE1,-0.332,-12.471,5.004
H,0,GLU,OE2,1.256,-13.634,3.947
H,0,ASN,N,2.879,-12.344,8.335
H,0,ASN,CA,4.281,-11.972,8.015
H,0,ASN,C,4.838,-10.721,8.727
H,0,ASN,O,5.818,-10.112,8.268
H,0,ASN,CB,4.39,-11.656,6.531
H,0,ASN,CG,3.367,-10.608,6.087
H,0,ASN,OD1,2.634,-10.073,6.92
H,0,ASN,ND2,3.269,-10.277,4.815
H,0,LEU,N,4.243,-10.331,9.827
H,0,LEU,CA,4.731,-9.172,10.61
H,0,LEU,C,4.669,-7.855,9.81
H,0,LEU,O,5.466,-6.93,10.032
H,0,LEU,CB,6.203,-9.368,11.001
H,0,LEU,CG,6.415,-10.481,12.03
H,0,LEU,CD1,7.82,-10.472,12.64
H,0,LEU,CD2,5.451,-10.395,13.213
H,0,ASP,N,3.727,-7.781,8.889
H,0,ASP,CA,3.526,-6.564,8.08
H,0,ASP,C,3.159,-5.409,9.021
H,0,ASP,O,2.3,-5.554,9.902
H,0,ASP,CB,2.399,-6.787,7.066
H,0,ASP,CG,2.355,-5.724,5.962
H,0,ASP,OD1,3.399,-5.01,5.709
H,0,ASP,OD2,1.273,-5.544,5.281
H,0,ARG,N,3.827,-4.289,8.816
H,0,ARG,CA,3.618,-3.076,9.63
H,0,ARG,C,4.008,-3.344,11.087
H,0,ARG,O,3.245,-3.044,12.018
H,0,ARG,CB,2.148,-2.659,9.593
H,0,ARG,CG,1.606,-2.533,8.169
H,0,ARG,CD,0.217,-1.898,8.109
H,0,ARG,NE,-0.431,-2.073,6.802
H,0,ARG,CZ,-0.999,-3.216,6.396
H,0,ARG,NH1,-1.011,-4.299,7.186
H,0,ARG,NH2,-1.586,-3.378,5.203
H,0,ASP,N,5.193,-3.906,11.233
H,0,ASP,CA,5.769,-4.242,12.544
H,0,ASP,C,6.361,-2.984,13.179
H,0,ASP,O,7.579,-2.759,13.138
H,0,ASP,CB,6.875,-5.283,12.366
H,0,ASP,CG,7.273,-5.97,13.672
H,0,ASP,OD1,6.614,-5.729,14.754
H,0,ASP,OD2,8.266,-6.793,13.69
H,0,ILE,N,5.475,-2.194,13.755
H,0,ILE,CA,5.849,-0.921,14.384
H,0,ILE,C,4.885,-0.583,15.52
H,0,ILE,O,3.702,-0.954,15.487
H,0,ILE,CB,5.795,0.189,13.334
H,0,ILE,CG1,6.465,1.486,13.791
H,0,ILE,CG2,4.367,0.577,12.947
H,0,ILE,CD1,6.822,2.414,12.628
H,0,ALA,N,5.435,0.12,16.491
H,0,ALA,CA,4.694,0.56,17.678
H,0,ALA,C,5.435,1.71,18.359
H,0,ALA,O,6.669,1.814,18.276
H,0,ALA,CB,4.558,-0.596,18.67
H,0,LEU,N,4.644,2.537,19.009
H,0,LEU,CA,5.136,3.702,19.748
H,0,LEU,C,4.82,3.535,21.231
H,0,LEU,O,3.808,2.926,21.605
H,0,LEU,CB,4.449,4.975,19.248
H,0,LEU,CG,4.985,5.464,17.901
H,0,LEU,CD1,4.047,6.459,17.212
H,0,LEU,CD2,6.333,6.179,18.017
H,0,MET,N,5.703,4.081,22.031
H,0,MET,CA,5.569,4.061,23.488
H,0,MET,C,5.782,5.475,24.029
H,0,MET,O,6.849,6.077,23.844
H,0,MET,CB,6.622,3.129,24.102
H,0,MET,CG,6.347,1.649,23.827
H,0,MET,SD,7.701,0.591,24.295
H,0,MET,CE,9.168,1.048,23.396
H,0,LYS,N,4.751,5.984,24.675
H,0,LYS,CA,4.798,7.318,25.291
H,0,LYS,C,5.322,7.18,26.72
H,0,LYS,O,4.818,6.368,27.507
H,0,LYS,CB,3.404,7.948,25.313
H,0,LYS,CG,3.407,9.367,25.888
H,0,LYS,CD,2.099,10.12,25.641
H,0,LYS,CE,2.281,11.639,25.596
H,0,LYS,NZ,2.17,12.271,26.919
H,0,LEU,N,6.33,7.977,27.016
H,0,LEU,CA,6.994,7.967,28.332
H,0,LEU,C,6.178,8.748,29.358
H,0,LEU,O,5.528,9.751,29.032
H,0,LEU,CB,8.374,8.608,28.225
H,0,LEU,CG,9.281,7.893,27.226
H,0,LEU,CD1,10.747,8.303,27.354
H,0,LEU,CD2,9.258,6.371,27.383
H,0,LYS,N,6.242,8.267,30.587
H,0,LYS,CA,5.518,8.89,31.697
H,0,LYS,C,5.979,10.347,31.849
H,0,LYS,O,5.167,11.259,32.023
H,0,LYS,CB,5.713,8.091,32.985
H,0,LYS,CG,4.384,7.531,33.51
H,0,LYS,CD,4.553,6.425,34.55
H,0,LYS,CE,3.316,5.531,34.683
H,0,LYS,NZ,3.335,4.697,35.893
H,0,LYS,N,7.283,10.559,31.778
H,0,LYS,CA,7.855,11.924,31.828
H,0,LYS,C,8.997,12.047,30.801
H,0,LYS,O,9.64,11.038,30.576
H,0,LYS,CB,8.456,12.261,33.206
H,0,LYS,CG,8.06,11.306,34.334
H,0,LYS,CD,8.784,11.618,35.654
H,0,LYS,CE,8.265,10.796,36.838
H,0,LYS,NZ,9.179,10.801,37.992
H,0,PRO,N,9.24,13.223,30.302
H,0,PRO,CA,10.35,13.439,29.384
H,0,PRO,C,11.67,13.053,29.967
H,0,PRO,O,11.986,12.979,31.177
H,0,PRO,CB,10.276,14.96,29.11
H,0,PRO,CG,9.67,15.533,30.353
H,0,PRO,CD,8.556,14.507,30.649
H,0,VAL,N,12.525,12.461,29.081
H,0,VAL,CA,13.844,12.055,29.535
H,0,VAL,C,14.761,13.23,29.197
H,0,VAL,O,14.564,13.928,28.194
H,0,VAL,CB,14.299,10.785,28.777
H,0,VAL,CG1,14.501,11.024,27.279
H,0,VAL,CG2,15.627,10.225,29.29
H,0,ALA,N,15.743,13.472,30.023
H,0,ALA,CA,16.667,14.586,29.779
H,0,ALA,C,17.767,14.145,28.817
H,0,ALA,O,18.389,13.091,28.995
H,0,ALA,CB,17.303,15.041,31.091
H,0,PHE,N,17.991,14.953,27.799
H,0,PHE,CA,19.052,14.669,26.827
H,0,PHE,C,20.402,14.935,27.485
H,0,PHE,O,20.517,15.778,28.387
H,0,PHE,CB,18.927,15.562,25.593
H,0,PHE,CG,17.638,15.34,24.801
H,0,PHE,CD1,16.816,14.241,25.081
H,0,PHE,CD2,17.282,16.246,23.796
H,0,PHE,CE1,15.628,14.056,24.36
H,0,PHE,CE2,16.094,16.064,23.079
H,0,PHE,CZ,15.266,14.97,23.361
H,0,SER,N,21.378,14.201,27.013
H,0,SER,CA,22.756,14.298,27.495
H,0,SER,C,23.694,13.88,26.375
H,0,SER,O,23.284,13.756,25.214
H,0,SER,CB,22.953,13.371,28.696
H,0,SER,OG,23.015,12.021,28.258
H,0,ASP,N,24.931,13.667,26.746
H,0,ASP,CA,25.962,13.246,25.798
H,0,ASP,C,25.685,11.825,25.285
H,0,ASP,O,26.183,11.42,24.226
H,0,ASP,CB,27.329,13.202,26.485
H,0,ASP,CG,28.052,14.551,26.504
H,0,ASP,OD1,27.541,15.566,25.898
H,0,ASP,OD2,29.176,14.67,27.128
H,0,TYR,N,24.886,11.099,26.052
H,0,TYR,CA,24.597,9.679,25.769
H,0,TYR,C,23.126,9.428,25.404
H,0,TYR,O,22.738,8.298,25.07
H,0,TYR,CB,24.936,8.852,27.005
H,0,TYR,CG,26.241,9.314,27.651
H,0,TYR,CD1,27.462,8.887,27.123
H,0,TYR,CD2,26.216,10.168,28.761
H,0,TYR,CE1,28.661,9.314,27.698
H,0,TYR,CE2,27.417,10.598,29.337
H,0,TYR,CZ,28.639,10.171,28.804
H,0,TYR,OH,29.807,10.59,29.36
H,0,ILE,N,22.339,10.479,25.469
H,0,ILE,CA,20.896,10.409,25.167
H,0,ILE,C,20.511,11.566,24.238
H,0,ILE,O,20.677,12.742,24.581
H,0,ILE,CB,20.112,10.501,26.477
H,0,ILE,CG1,20.36,9.306,27.402
H,0,ILE,CG2,18.601,10.565,26.269
H,0,ILE,CD1,19.733,9.48,28.786
H,0,HIS,N,19.994,11.208,23.073
H,0,HIS,CA,19.63,12.197,22.039
H,0,HIS,C,18.795,11.523,20.939
H,0,HIS,O,19.078,10.392,20.622
H,0,HIS,CB,20.925,12.741,21.447
H,0,HIS,CG,20.729,14.03,20.682
H,0,HIS,ND1,20.819,15.268,21.302
H,0,HIS,CD2,20.454,14.259,19.379
H,0,HIS,CE1,20.599,16.191,20.389
H,0,HIS,NE2,20.378,15.607,19.235
H,0,PRO,N,17.803,12.213,20.425
H,0,PRO,CA,16.847,11.544,19.568
H,0,PRO,C,17.432,11.494,18.13
H,0,PRO,O,18.15,12.326,17.617
H,0,PRO,CB,15.644,12.471,19.588
H,0,PRO,CG,16.135,13.856,20.008
H,0,PRO,CD,17.331,13.508,20.9
H,0,VAL,N,16.964,10.448,17.398
H,0,VAL,CA,17.266,10.298,15.959
H,0,VAL,C,16.118,10.93,15.171
H,0,VAL,O,15.005,11.105,15.689
H,0,VAL,CB,17.363,8.77,15.605
H,0,VAL,CG1,16.003,8.068,15.607
H,0,VAL,CG2,17.96,8.514,14.22
H,0,CYS,N,16.4,11.271,13.934
H,0,CYS,CA,15.393,11.87,13.049
H,0,CYS,C,14.644,10.779,12.296
H,0,CYS,O,15.154,9.668,12.107
H,0,CYS,CB,16.052,12.766,11.999
H,0,CYS,SG,17.115,14.054,12.711
H,0,LEU,N,13.448,11.132,11.895
H,0,LEU,CA,12.601,10.259,11.083
H,0,LEU,C,12.498,10.843,9.743
H,0,LEU,O,12.615,12.079,9.643
H,0,LEU,CB,11.173,10.195,11.639
H,0,LEU,CG,11.077,9.668,13.067
H,0,LEU,CD1,9.629,9.521,13.546
H,0,LEU,CD2,11.713,8.29,13.242
H,0,PRO,N,12.69,10.025,8.671
H,0,PRO,CA,12.879,10.436,7.317
H,0,PRO,C,11.574,11.007,6.736
H,0,PRO,O,10.451,10.863,7.208
H,0,PRO,CB,13.22,9.118,6.524
H,0,PRO,CG,12.37,8.173,7.334
H,0,PRO,CD,12.675,8.525,8.817
H,0,ASP,N,11.805,12.111,5.995
H,0,ASP,CA,10.723,12.674,5.125
H,0,ASP,C,10.779,11.881,3.803
H,0,ASP,O,11.657,11.029,3.604
H,0,ASP,CB,11.026,14.171,4.902
H,0,ASP,CG,12.332,14.465,4.162
H,0,ASP,OD1,12.632,13.814,3.093
H,0,ASP,OD2,13.129,15.38,4.607
H,0,ARG,N,9.862,12.161,2.897
H,0,ARG,CA,9.778,11.414,1.62
H,0,ARG,C,11.072,11.495,0.782
H,0,ARG,O,11.535,10.491,0.223
H,0,ARG,CB,8.65,11.936,0.729
H,0,ARG,CG,8.603,11.21,-0.624
H,0,ARG,CD,7.325,11.479,-1.421
H,0,ARG,NE,6.099,11.194,-0.663
H,0,ARG,CZ,5.513,9.989,-0.597
H,0,ARG,NH1,6.027,8.932,-1.241
H,0,ARG,NH2,4.395,9.738,0.099
H,0,GLU,N,11.649,12.687,0.691
H,0,GLU,CA,12.857,12.907,-0.144
H,0,GLU,C,14.074,12.156,0.39
H,0,GLU,O,14.797,11.492,-0.364
H,0,GLU,CB,13.244,14.385,-0.217
H,0,GLU,CG,13.654,14.819,-1.636
H,0,GLU,CD,15.073,14.381,-2.04
H,0,GLU,OE1,15.847,13.805,-1.184
H,0,GLU,OE2,15.497,14.592,-3.245
H,0,THR,N,14.296,12.276,1.677
H,0,THR,CA,15.438,11.615,2.306
H,0,THR,C,15.313,10.099,2.114
H,0,THR,O,16.303,9.396,1.882
H,0,THR,CB,15.516,11.984,3.784
H,0,THR,OG1,15.777,13.377,3.917
H,0,THR,CG2,16.631,11.243,4.525
H,0,ALA,N,14.087,9.614,2.206
H,0,ALA,CA,13.807,8.181,2.023
H,0,ALA,C,14.075,7.778,0.575
H,0,ALA,O,14.722,6.759,0.301
H,0,ALA,CB,12.349,7.876,2.366
H,0,ALA,N,13.569,8.601,-0.317
H,0,ALA,CA,13.703,8.381,-1.759
H,0,ALA,C,15.175,8.38,-2.175
H,0,ALA,O,15.595,7.613,-3.049
H,0,ALA,CB,12.991,9.495,-2.53
H,0,SER,N,15.933,9.235,-1.528
H,0,SER,CA,17.346,9.428,-1.865
H,0,SER,C,18.27,8.352,-1.272
H,0,SER,O,19.259,7.947,-1.897
H,0,SER,CB,17.837,10.781,-1.344
H,0,SER,OG,17.485,10.937,0.023
H,0,LEU,N,17.953,7.877,-0.082
H,0,LEU,CA,18.87,6.965,0.632
H,0,LEU,C,18.465,5.479,0.609
H,0,LEU,O,19.318,4.584,0.692
H,0,LEU,CB,18.995,7.41,2.081
H,0,LEU,CG,19.723,8.749,2.2
H,0,LEU,CD1,20.021,9.144,3.644
H,0,LEU,CD2,21.072,8.757,1.476
H,0,LEU,N,17.187,5.192,0.507
H,0,LEU,CA,16.727,3.788,0.506
H,0,LEU,C,16.87,3.171,-0.89
H,0,LEU,O,15.873,2.913,-1.58
H,0,LEU,CB,15.265,3.702,0.93
H,0,LEU,CG,15.085,3.641,2.448
H,0,LEU,CD1,13.618,3.688,2.879
H,0,LEU,CD2,15.659,2.365,3.067
H,0,GLN,N,18.12,2.95,-1.256
H,0,GLN,CA,18.487,2.35,-2.549
H,0,GLN,C,19.398,1.148,-2.334
H,0,GLN,O,20.261,1.149,-1.447
H,0,GLN,CB,19.278,3.341,-3.404
H,0,GLN,CG,18.594,4.693,-3.578
H,0,GLN,CD,19.26,5.542,-4.662
H,0,GLN,OE1,19.48,5.056,-5.771
H,0,GLN,NE2,19.603,6.79,-4.408
H,0,ALA,N,19.192,0.141,-3.154
H,0,ALA,CA,20.011,-1.071,-3.1
H,0,ALA,C,21.487,-0.673,-3.214
H,0,ALA,O,21.881,0.077,-4.116
H,0,ALA,CB,19.645,-2,-4.261
H,0,GLY,N,22.283,-1.171,-2.284
H,0,GLY,CA,23.734,-0.904,-2.272
H,0,GLY,C,24.116,0.053,-1.134
H,0,GLY,O,25.17,-0.098,-0.499
H,0,TYR,N,23.257,1.033,-0.91
H,0,TYR,CA,23.455,2.025,0.163
H,0,TYR,C,23.412,1.301,1.504
H,0,TYR,O,22.535,0.462,1.751
H,0,TYR,CB,22.338,3.062,0.138
H,0,TYR,CG,22.485,4.086,-0.982
H,0,TYR,CD1,23.082,3.72,-2.193
H,0,TYR,CD2,22.019,5.391,-0.791
H,0,TYR,CE1,23.21,4.662,-3.219
H,0,TYR,CE2,22.147,6.333,-1.818
H,0,TYR,CZ,22.742,5.968,-3.032
H,0,TYR,OH,22.864,6.884,-4.029
H,0,LYS,N,24.354,1.638,2.354
H,0,LYS,CA,24.474,0.986,3.659
H,0,LYS,C,23.839,1.809,4.775
H,0,LYS,O,23.886,3.05,4.76
H,0,LYS,CB,25.942,0.778,4.014
H,0,LYS,CG,26.607,-0.303,3.164
H,0,LYS,CD,28.116,-0.387,3.386
H,0,LYS,CE,28.799,-1.399,2.465
H,0,LYS,NZ,30.241,-1.522,2.718
H,0,GLY,N,23.278,1.04,5.684
H,0,GLY,CA,22.65,1.525,6.91
H,0,GLY,C,23.416,0.915,8.079
H,0,GLY,O,24.368,0.146,7.883
H,0,ARG,N,22.993,1.256,9.27
H,0,ARG,CA,23.65,0.772,10.489
H,0,ARG,C,22.607,0.271,11.489
H,0,ARG,O,21.628,0.967,11.793
H,0,ARG,CB,24.447,1.915,11.115
H,0,ARG,CG,25.061,1.559,12.47
H,0,ARG,CD,25.891,2.701,13.064
H,0,ARG,NE,27.134,2.956,12.32
H,0,ARG,CZ,27.924,4.021,12.517
H,0,ARG,NH1,27.616,4.949,13.434
H,0,ARG,NH2,29.057,4.249,11.84
H,0,VAL,N,22.859,-0.933,11.965
H,0,VAL,CA,22.001,-1.601,12.953
H,0,VAL,C,22.793,-1.798,14.252
H,0,VAL,O,23.972,-2.178,14.23
H,0,VAL,CB,21.55,-2.961,12.413
H,0,VAL,CG1,20.484,-3.627,13.286
H,0,VAL,CG2,20.945,-2.877,11.011
H,0,THR,N,22.118,-1.527,15.353
H,0,THR,CA,22.706,-1.637,16.7
H,0,THR,C,21.751,-2.398,17.626
H,0,THR,O,20.525,-2.344,17.464
H,0,THR,CB,22.943,-0.234,17.267
H,0,THR,OG1,21.784,0.567,17.077
H,0,THR,CG2,24.112,0.492,16.597
H,0,GLY,N,22.332,-3.102,18.588
H,0,GLY,CA,21.546,-3.885,19.559
H,0,GLY,C,22.45,-4.684,20.506
H,0,GLY,O,23.67,-4.776,20.301
H,0,TRP,N,21.79,-5.237,21.514
H,0,TRP,CA,22.427,-6.055,22.559
H,0,TRP,C,22.032,-7.531,22.39
H,0,TRP,O,22.209,-8.349,23.306
H,0,TRP,CB,21.962,-5.596,23.949
H,0,TRP,CG,22.541,-4.245,24.388
H,0,TRP,CD1,23.778,-4.004,24.846
H,0,TRP,CD2,21.836,-3.013,24.38
H,0,TRP,NE1,23.854,-2.605,25.144
H,0,TRP,CE2,22.703,-2.043,24.867
H,0,TRP,CE3,20.539,-2.642,24.006
H,0,TRP,CZ2,22.341,-0.699,25.019
H,0,TRP,CZ3,20.186,-1.285,24.156
H,0,TRP,CH2,21.045,-0.361,24.641
H,0,GLY,N,21.505,-7.823,21.211
H,0,GLY,CA,21.044,-9.175,20.84
H,0,GLY,C,22.227,-10.148,20.756
H,0,GLY,O,23.387,-9.758,20.955
H,0,ASN,N,21.873,-11.388,20.454
H,0,ASN,CA,22.826,-12.508,20.336
H,0,ASN,C,23.932,-12.193,19.331
H,0,ASN,O,23.72,-11.454,18.357
H,0,ASN,CB,22.105,-13.768,19.852
H,0,ASN,CG,21.146,-14.345,20.892
H,0,ASN,OD1,21.099,-13.861,22.021
H,0,ASN,ND2,20.367,-15.363,20.576
H,0,LEU,N,25.078,-12.783,19.614
H,0,LEU,CA,26.28,-12.635,18.791
H,0,LEU,C,26.312,-13.736,17.689
H,0,LEU,O,27.094,-13.653,16.73
H,0,LEU,CB,27.537,-12.755,19.673
H,0,LEU,CG,27.721,-11.577,20.634
H,0,LEU,CD1,28.851,-11.8,21.643
H,0,LEU,CD2,28.059,-10.267,19.92
H,0,LYS,N,25.445,-14.761,17.839
H,0,LYS,CA,25.367,-15.911,16.873
H,0,LYS,C,23.999,-16.655,16.939
H,0,LYS,O,23.044,-16.18,17.575
H,0,LYS,CB,26.46,-16.934,17.186
H,0,LYS,CG,27.225,-16.624,18.475
H,0,LYS,CD,28.454,-17.517,18.666
H,0,LYS,CE,29.503,-17.334,17.567
H,0,LYS,NZ,30.819,-17.877,17.931
H,0,GLU,N,23.945,-17.83,16.253
H,0,GLU,CA,22.72,-18.7,16.21
H,0,GLU,C,22.803,-19.808,17.351
H,0,GLU,O,21.909,-19.897,18.212
H,0,GLU,CB,22.475,-19.296,14.814
H,0,GLU,CG,21.054,-18.951,14.311
H,0,GLU,CD,20.709,-19.461,12.903
H,0,GLU,OE1,21.519,-19.262,11.921
H,0,GLU,OE2,19.593,-20.084,12.696
H,0,THR,N,23.83,-20.812,17.539
H,0,THR,CA,23.603,-21.525,18.864
H,0,THR,C,24.147,-20.544,19.873
H,0,THR,O,25.358,-20.472,20.117
H,0,LYS,N,30.453,-15.427,21.141
H,0,LYS,CA,29.9,-16.021,22.367
H,0,LYS,C,28.384,-15.97,22.292
H,0,LYS,O,27.789,-16.078,21.214
H,0,LYS,CB,30.448,-15.339,23.627
H,0,GLY,N,27.763,-15.814,23.427
H,0,GLY,CA,26.305,-15.777,23.478
H,0,GLY,C,25.806,-14.36,23.244
H,0,GLY,O,25.33,-14.021,22.142
H,0,GLN,N,25.95,-13.606,24.304
H,0,GLN,CA,25.498,-12.23,24.364
H,0,GLN,C,26.658,-11.257,24.686
H,0,GLN,O,27.729,-11.721,25.156
H,0,GLN,CB,24.443,-12.083,25.462
H,0,PRO,N,26.581,-10.057,24.101
H,0,PRO,CA,27.674,-9.109,24.256
H,0,PRO,C,27.74,-8.53,25.616
H,0,PRO,O,26.78,-8.23,26.338
H,0,PRO,CB,27.335,-8.12,23.104
H,0,PRO,CG,25.82,-7.983,23.117
H,0,PRO,CD,25.441,-9.508,23.31
H,0,SER,N,29.018,-7.982,25.893
H,0,SER,CA,29.134,-7.191,27.098
H,0,SER,C,28.596,-5.765,26.877
H,0,SER,O,28.05,-5.136,27.79
H,0,SER,CB,30.709,-7.116,27.377
H,0,SER,OG,30.977,-6.146,28.379
H,0,VAL,N,28.769,-5.256,25.66
H,0,VAL,CA,28.314,-3.888,25.323
H,0,VAL,C,27.622,-3.834,23.958
H,0,VAL,O,27.734,-4.763,23.144
H,0,VAL,CB,29.494,-2.912,25.284
H,0,VAL,CG1,30.343,-2.946,26.555
H,0,VAL,CG2,30.46,-3.18,24.129
H,0,LEU,N,26.926,-2.723,23.775
H,0,LEU,CA,26.177,-2.419,22.547
H,0,LEU,C,27.037,-2.748,21.322
H,0,LEU,O,28.208,-2.352,21.239
H,0,LEU,CB,25.815,-0.929,22.532
H,0,LEU,CG,24.872,-0.544,21.391
H,0,LEU,CD1,23.506,-1.225,21.488
H,0,LEU,CD2,24.582,0.959,21.337
H,0,GLN,N,26.426,-3.471,20.397
H,0,GLN,CA,27.087,-3.891,19.146
H,0,GLN,C,26.544,-3.076,17.967
H,0,GLN,O,25.407,-2.581,18.002
H,0,GLN,CB,26.834,-5.379,18.891
H,0,GLN,CG,27.47,-6.284,19.95
H,0,GLN,CD,28.997,-6.19,19.981
H,0,GLN,OE1,29.562,-5.666,20.94
H,0,GLN,NE2,29.709,-6.67,18.978
H,0,VAL,N,27.387,-2.966,16.953
H,0,VAL,CA,27.077,-2.208,15.729
H,0,VAL,C,27.599,-2.937,14.49
H,0,VAL,O,28.628,-3.623,14.538
H,0,VAL,CB,27.762,-0.839,15.777
H,0,VAL,CG1,27.365,0.07,14.613
H,0,VAL,CG2,27.447,-0.053,17.048
H,0,VAL,N,26.868,-2.763,13.405
H,0,VAL,CA,27.23,-3.343,12.103
H,0,VAL,C,26.536,-2.577,10.978
H,0,VAL,O,25.345,-2.247,11.07
H,0,VAL,CB,26.822,-4.819,12.022
H,0,VAL,CG1,25.312,-5.022,11.892
H,0,VAL,CG2,27.438,-5.541,10.817
H,0,ASN,N,27.322,-2.31,9.952
H,0,ASN,CA,26.856,-1.615,8.743
H,0,ASN,C,26.535,-2.665,7.681
H,0,ASN,O,27.345,-3.565,7.41
H,0,ASN,CB,27.943,-0.664,8.238
H,0,ASN,CG,28.345,0.39,9.274
H,0,ASN,OD1,27.516,0.808,10.081
H,0,ASN,ND2,29.582,0.851,9.301
H,0,LEU,N,25.357,-2.53,7.101
H,0,LEU,CA,24.868,-3.497,6.109
H,0,LEU,C,24.172,-2.838,4.927
H,0,LEU,O,23.446,-1.805,5.085
H,0,LEU,CB,23.821,-4.414,6.74
H,0,LEU,CG,24.336,-5.161,7.964
H,0,LEU,CD1,23.216,-5.824,8.768
H,0,LEU,CD2,25.313,-6.279,7.603
H,0,PRO,N,24.477,-3.309,3.716
H,0,PRO,CA,23.783,-2.72,2.579
H,0,PRO,C,22.364,-3.133,2.327
H,0,PRO,O,21.987,-4.319,2.51
H,0,PRO,CB,24.68,-3.236,1.369
H,0,PRO,CG,25.135,-4.611,1.892
H,0,PRO,CD,25.355,-4.475,3.41
H,0,ILE,N,21.531,-2.203,1.878
H,0,ILE,CA,20.148,-2.504,1.514
H,0,ILE,C,20.22,-3.414,0.286
H,0,ILE,O,21.062,-3.218,-0.603
H,0,ILE,CB,19.513,-1.149,1.106
H,0,ILE,CG1,19.232,-0.261,2.321
H,0,ILE,CG2,18.178,-1.31,0.376
H,0,ILE,CD1,18.953,1.194,1.957
H,0,VAL,N,19.352,-4.391,0.238
H,0,VAL,CA,19.344,-5.356,-0.87
H,0,VAL,C,18.136,-5.113,-1.788
H,0,VAL,O,17.069,-4.674,-1.333
H,0,VAL,CB,19.297,-6.771,-0.295
H,0,VAL,CG1,19.141,-7.849,-1.364
H,0,VAL,CG2,20.564,-7.139,0.485
H,0,GLU,N,18.354,-5.406,-3.068
H,0,GLU,CA,17.324,-5.27,-4.123
H,0,GLU,C,16.078,-6.067,-3.717
H,0,GLU,O,16.179,-7.182,-3.191
H,0,GLU,CB,17.86,-5.812,-5.452
H,0,GLU,CG,18.977,-4.952,-6.049
H,0,GLU,CD,20.364,-5.314,-5.513
H,0,GLU,OE1,20.481,-6.151,-4.538
H,0,GLU,OE2,21.417,-4.781,-6.034
H,0,ARG,N,14.924,-5.48,-3.981
H,0,ARG,CA,13.624,-6.062,-3.587
H,0,ARG,C,13.381,-7.486,-4.187
H,0,ARG,O,13.065,-8.386,-3.426
H,0,ARG,CB,12.457,-5.162,-4.033
H,0,ARG,CG,11.085,-5.667,-3.545
H,0,ARG,CD,10.071,-4.544,-3.27
H,0,ARG,NE,10.569,-3.54,-2.317
H,0,ARG,CZ,10.301,-3.54,-1.001
H,0,ARG,NH1,9.529,-4.485,-0.448
H,0,ARG,NH2,10.775,-2.625,-0.141
H,0,PRO,N,13.804,-7.741,-5.404
H,0,PRO,CA,13.678,-9.099,-5.953
H,0,PRO,C,14.527,-10.088,-5.284
H,0,PRO,O,14.055,-11.241,-5.024
H,0,PRO,CB,13.923,-8.925,-7.515
H,0,PRO,CG,13.603,-7.507,-7.776
H,0,PRO,CD,14.197,-6.775,-6.501
H,0,VAL,N,15.731,-9.746,-4.796
H,0,VAL,CA,16.637,-10.57,-4.117
H,0,VAL,C,16.095,-10.875,-2.729
H,0,VAL,O,16.221,-11.999,-2.226
H,0,VAL,CB,18.049,-9.98,-4.095
H,0,VAL,CG1,19.035,-10.819,-3.28
H,0,VAL,CG2,18.664,-9.853,-5.49
H,0,CYS,N,15.481,-9.88,-2.14
H,0,CYS,CA,14.871,-10.037,-0.821
H,0,CYS,C,13.757,-11.088,-0.899
H,0,CYS,O,13.689,-12.016,-0.084
H,0,CYS,CB,14.265,-8.713,-0.356
H,0,CYS,SG,15.518,-7.462,0.06
H,0,LYS,N,12.916,-10.913,-1.899
H,0,LYS,CA,11.743,-11.773,-2.119
H,0,LYS,C,12.135,-13.223,-2.446
H,0,LYS,O,11.472,-14.177,-2.013
H,0,LYS,CB,10.907,-11.215,-3.273
H,0,LYS,CG,10.268,-9.866,-2.928
H,0,LYS,CD,9.301,-9.361,-3.999
H,0,LYS,CE,8.159,-8.518,-3.424
H,0,LYS,NZ,7.734,-7.434,-4.321
H,0,ASP,N,13.208,-13.364,-3.196
H,0,ASP,CA,13.677,-14.682,-3.67
H,0,ASP,C,14.496,-15.441,-2.619
H,0,ASP,O,14.914,-16.585,-2.836
H,0,ASP,CB,14.571,-14.512,-4.895
H,0,ASP,CG,13.772,-14.284,-6.175
H,0,ASP,OD1,12.485,-14.357,-6.15
H,0,ASP,OD2,14.385,-14.019,-7.276
H,0,SER,N,14.719,-14.817,-1.489
H,0,SER,CA,15.529,-15.434,-0.43
H,0,SER,C,14.659,-16.088,0.649
H,0,SER,O,15.168,-16.734,1.573
H,0,SER,CB,16.389,-14.376,0.258
H,0,SER,OG,15.572,-13.539,1.066
H,0,THR,N,13.354,-15.934,0.524
H,0,THR,CA,12.427,-16.433,1.556
H,0,THR,C,11.085,-16.87,0.952
H,0,THR,O,10.738,-16.511,-0.177
H,0,THR,CB,12.176,-15.294,2.545
H,0,THR,OG1,11.278,-15.706,3.555
H,0,THR,CG2,11.581,-14.052,1.872
H,0,ARG,N,10.342,-17.648,1.732
H,0,ARG,CA,9.012,-18.128,1.315
H,0,ARG,C,7.925,-17.214,1.905
H,0,ARG,O,6.747,-17.283,1.53
H,0,ARG,CB,8.785,-19.567,1.784
H,0,ARG,CG,9.846,-20.543,1.268
H,0,ARG,CD,9.606,-21.985,1.724
H,0,ARG,NE,8.261,-22.475,1.39
H,0,ARG,CZ,7.861,-23.744,1.555
H,0,ARG,NH1,8.692,-24.67,2.051
H,0,ARG,NH2,6.635,-24.189,1.247
H,0,ILE,N,8.35,-16.366,2.831
H,0,ILE,CA,7.451,-15.397,3.483
H,0,ILE,C,7.106,-14.289,2.488
H,0,ILE,O,7.971,-13.803,1.746
H,0,ILE,CB,8.139,-14.772,4.702
H,0,ILE,CG1,8.635,-15.815,5.706
H,0,ILE,CG2,7.221,-13.837,5.493
H,0,ILE,CD1,8.013,-15.653,7.095
H,0,ARG,N,5.842,-13.919,2.49
H,0,ARG,CA,5.338,-12.858,1.609
H,0,ARG,C,5.838,-11.501,2.111
H,0,ARG,O,5.494,-11.06,3.214
H,0,ARG,CB,3.808,-12.861,1.603
H,0,ARG,CG,3.215,-11.821,0.649
H,0,ARG,CD,1.685,-11.8,0.662
H,0,ARG,NE,1.127,-11.454,1.977
H,0,ARG,CZ,0.786,-10.211,2.342
H,0,ARG,NH1,0.939,-9.178,1.503
H,0,ARG,NH2,0.276,-9.896,3.541
H,0,ILE,N,6.65,-10.872,1.284
H,0,ILE,CA,7.225,-9.552,1.591
H,0,ILE,C,6.258,-8.459,1.124
H,0,ILE,O,5.538,-8.62,0.132
H,0,ILE,CB,8.567,-9.401,0.867
H,0,ILE,CG1,9.559,-10.518,1.207
H,0,ILE,CG2,9.286,-8.094,1.199
H,0,ILE,CD1,9.503,-10.939,2.677
H,0,THR,N,6.241,-7.355,1.85
H,0,THR,CA,5.37,-6.218,1.503
H,0,THR,C,6.201,-4.949,1.364
H,0,THR,O,7.395,-4.928,1.691
H,0,THR,CB,4.302,-5.997,2.576
H,0,THR,OG1,4.879,-5.382,3.716
H,0,THR,CG2,3.638,-7.295,3.035
H,0,ASP,N,5.537,-3.924,0.882
H,0,ASP,CA,6.161,-2.622,0.651
H,0,ASP,C,6.518,-1.932,1.974
H,0,ASP,O,7.229,-0.919,1.997
H,0,ASP,CB,5.208,-1.714,-0.126
H,0,ASP,CG,5.188,-2.015,-1.626
H,0,ASP,OD1,6.011,-2.876,-2.122
H,0,ASP,OD2,4.349,-1.408,-2.395
H,0,ASN,N,6.02,-2.493,3.061
H,0,ASN,CA,6.258,-1.938,4.404
H,0,ASN,C,7.508,-2.565,5.03
H,0,ASN,O,7.784,-2.384,6.227
H,0,ASN,CB,5.046,-2.19,5.293
H,0,ASN,CG,3.78,-1.527,4.749
H,0,ASN,OD1,3.809,-0.353,4.381
H,0,ASN,ND2,2.658,-2.217,4.668
H,0,MET,N,8.228,-3.289,4.192
H,0,MET,CA,9.487,-3.945,4.578
H,0,MET,C,10.556,-3.745,3.506
H,0,MET,O,10.248,-3.45,2.343
H,0,MET,CB,9.341,-5.471,4.687
H,0,MET,CG,8.025,-5.936,5.303
H,0,MET,SD,7.831,-7.705,5.214
H,0,MET,CE,6.29,-8.193,5.952
H,0,PHE,N,11.771,-3.921,3.963
H,0,PHE,CA,12.977,-3.895,3.131
H,0,PHE,C,14.003,-4.758,3.845
H,0,PHE,O,13.998,-4.866,5.078
H,0,PHE,CB,13.458,-2.449,2.891
H,0,PHE,CG,14.213,-1.801,4.063
H,0,PHE,CD1,15.56,-2.114,4.307
H,0,PHE,CD2,13.557,-0.874,4.882
H,0,PHE,CE1,16.242,-1.504,5.373
H,0,PHE,CE2,14.238,-0.266,5.946
H,0,PHE,CZ,15.579,-0.58,6.191
H,0,CYS,N,14.849,-5.386,3.069
H,0,CYS,CA,15.87,-6.274,3.625
H,0,CYS,C,17.257,-5.712,3.342
H,0,CYS,O,17.457,-4.952,2.384
H,0,CYS,CB,15.725,-7.672,3.023
H,0,CYS,SG,16.735,-7.921,1.534
H,0,ALA,N,18.175,-6.108,4.2
H,0,ALA,CA,19.57,-5.674,4.118
H,0,ALA,C,20.499,-6.802,4.548
H,0,ALA,O,20.094,-7.722,5.273
H,0,ALA,CB,19.796,-4.471,5.033
H,0,GLY,N,21.72,-6.677,4.077
H,0,GLY,CA,22.785,-7.642,4.348
H,0,GLY,C,23.562,-7.915,3.063
H,0,GLY,O,23.119,-7.555,1.962
H,0,TYR,N,24.701,-8.544,3.256
H,0,TYR,CA,25.608,-8.909,2.163
H,0,TYR,C,25.206,-10.249,1.563
H,0,TYR,O,24.662,-11.122,2.252
H,0,TYR,CB,27.034,-9.067,2.688
H,0,TYR,CG,27.66,-7.757,3.152
H,0,TYR,CD1,28.125,-6.836,2.21
H,0,TYR,CD2,27.771,-7.486,4.52
H,0,TYR,CE1,28.706,-5.638,2.635
H,0,TYR,CE2,28.354,-6.288,4.946
H,0,TYR,CZ,28.822,-5.364,4.003
H,0,TYR,OH,29.389,-4.201,4.416
H,0,LYS,N,25.491,-10.376,0.286
H,0,LYS,CA,25.222,-11.609,-0.454
H,0,LYS,C,26.378,-12.576,-0.224
H,0,LYS,O,27.483,-12.17,0.172
H,0,LYS,CB,25.093,-11.306,-1.944
H,0,LYS,CG,24.336,-10.008,-2.217
H,0,LYS,CD,23.696,-9.973,-3.603
H,0,LYS,CE,22.427,-9.123,-3.652
H,0,LYS,NZ,22.589,-7.895,-4.443
H,0,PRO,N,26.184,-13.874,-0.446
H,0,PRO,CA,27.243,-14.842,-0.251
H,0,PRO,C,28.492,-14.494,-1.042
H,0,PRO,O,29.628,-14.68,-0.52
H,0,PRO,CB,26.604,-16.159,-0.632
H,0,PRO,CG,25.15,-15.886,-0.975
H,0,PRO,CD,24.901,-14.414,-0.893
H,0,ASP,N,28.335,-13.982,-2.237
H,0,ASP,CA,29.498,-13.66,-3.085
H,0,ASP,C,30.258,-12.4,-2.625
H,0,ASP,O,31.372,-12.118,-3.089
H,0,ASP,CB,29.046,-13.395,-4.513
H,0,ASP,CG,28.203,-12.125,-4.629
H,0,ASP,OD1,27.959,-11.417,-3.577
H,0,ASP,OD2,27.736,-11.762,-5.773
H,0,GLU,N,29.67,-11.643,-1.714
H,0,GLU,CA,30.281,-10.373,-1.264
H,0,GLU,C,31.358,-10.6,-0.179
H,0,GLU,O,32.256,-9.77,0.018
H,0,GLU,CB,29.187,-9.409,-0.808
H,0,GLU,CG,28.553,-8.681,-2.002
H,0,GLU,CD,27.3,-7.876,-1.656
H,0,GLU,OE1,26.586,-8.195,-0.633
H,0,GLU,OE2,26.959,-6.872,-2.394
H,0,GLY,N,31.276,-11.717,0.521
H,0,GLY,CA,32.299,-12.083,1.532
H,0,GLY,C,31.984,-11.51,2.923
H,0,GLY,O,31.798,-12.251,3.898
H,0,LYS,N,31.952,-10.19,3.015
H,0,LYS,CA,31.64,-9.518,4.289
H,0,LYS,C,30.359,-10.137,4.855
H,0,LYS,O,29.503,-10.625,4.106
H,0,LYS,CB,31.434,-8.016,4.065
H,0,LYS,CG,32.649,-7.327,3.438
H,0,LYS,CD,32.681,-5.816,3.691
H,0,LYS,CE,33.831,-5.113,2.966
H,0,LYS,NZ,33.464,-3.782,2.46
H,0,ARG,N,30.245,-10.116,6.168
H,0,ARG,CA,29.072,-10.684,6.857
H,0,ARG,C,28.442,-9.656,7.786
H,0,ARG,O,28.857,-8.493,7.832
H,0,ARG,CB,29.48,-11.875,7.721
H,0,ARG,CG,30.367,-12.881,6.993
H,0,ARG,CD,30.408,-14.236,7.699
H,0,ARG,NE,29.098,-14.898,7.733
H,0,ARG,CZ,28.595,-15.596,6.709
H,0,ARG,NH1,29.283,-15.732,5.567
H,0,ARG,NH2,27.401,-16.201,6.728
H,0,GLY,N,27.444,-10.116,8.515
H,0,GLY,CA,26.751,-9.272,9.491
H,0,GLY,C,25.238,-9.388,9.351
H,0,GLY,O,24.707,-9.592,8.249
H,0,ASP,N,24.602,-9.235,10.489
H,0,ASP,CA,23.153,-9.319,10.599
H,0,ASP,C,22.724,-9.066,12.028
H,0,ASP,O,23.529,-9.171,12.965
H,0,ASP,CB,22.699,-10.737,10.229
H,0,ASP,CG,21.189,-10.858,10.013
H,0,ASP,OD1,20.465,-9.797,9.904
H,0,ASP,OD2,20.641,-12.025,9.938
H,0,ALA,N,21.468,-8.726,12.145
H,0,ALA,CA,20.841,-8.571,13.444
H,0,ALA,C,20.501,-9.98,13.894
H,0,ALA,O,20.548,-10.929,13.1
H,0,ALA,CB,19.586,-7.705,13.318
H,0,CYS,N,20.174,-10.126,15.143
H,0,CYS,CA,19.82,-11.442,15.673
H,0,CYS,C,18.81,-11.282,16.792
H,0,CYS,O,18.399,-10.164,17.125
H,0,CYS,CB,21.07,-12.15,16.199
H,0,CYS,SG,20.903,-13.964,16.228
H,0,GLU,N,18.441,-12.413,17.334
H,0,GLU,CA,17.484,-12.485,18.436
H,0,GLU,C,17.908,-11.535,19.567
H,0,GLU,O,19.015,-11.648,20.115
H,0,GLU,CB,17.451,-13.917,18.966
H,0,GLU,CG,16.964,-14.007,20.411
H,0,GLU,CD,15.459,-13.782,20.539
H,0,GLU,OE1,14.701,-13.9,19.502
H,0,GLU,OE2,14.95,-13.475,21.682
H,0,GLY,N,17.009,-10.614,19.882
H,0,GLY,CA,17.215,-9.631,20.964
H,0,GLY,C,17.445,-8.22,20.402
H,0,GLY,O,17.38,-7.221,21.136
H,0,ASP,N,17.705,-8.17,19.109
H,0,ASP,CA,17.974,-6.905,18.405
H,0,ASP,C,16.678,-6.288,17.858
H,0,ASP,O,16.63,-5.102,17.507
H,0,ASP,CB,18.931,-7.141,17.236
H,0,ASP,CG,20.366,-7.427,17.685
H,0,ASP,OD1,20.85,-6.832,18.722
H,0,ASP,OD2,21.091,-8.267,17.026
H,0,SER,N,15.641,-7.104,17.788
H,0,SER,CA,14.33,-6.654,17.286
H,0,SER,C,13.905,-5.374,18.004
H,0,SER,O,14.09,-5.235,19.221
H,0,SER,CB,13.256,-7.71,17.554
H,0,SER,OG,13.458,-8.838,16.72
H,0,GLY,N,13.347,-4.469,17.225
H,0,GLY,CA,12.828,-3.197,17.742
H,0,GLY,C,13.856,-2.06,17.621
H,0,GLY,O,13.5,-0.877,17.607
H,0,GLY,N,15.128,-2.416,17.545
H,0,GLY,CA,16.214,-1.411,17.425
H,0,GLY,C,16.261,-0.874,15.982
H,0,GLY,O,15.545,-1.265,15.028
H,0,PRO,N,17.049,0.188,15.801
H,0,PRO,CA,17.012,0.969,14.596
H,0,PRO,C,18.029,0.621,13.556
H,0,PRO,O,19.115,0.107,13.857
H,0,PRO,CB,17.318,2.369,15.237
H,0,PRO,CG,18.37,2.109,16.364
H,0,PRO,CD,17.85,0.764,16.92
H,0,PHE,N,17.57,0.811,12.256
H,0,PHE,CA,18.516,0.707,11.152
H,0,PHE,C,18.623,2.151,10.632
H,0,PHE,O,17.706,2.664,9.977
H,0,PHE,CB,17.813,-0.233,10.087
H,0,PHE,CG,18.542,-0.242,8.746
H,0,PHE,CD1,18.449,0.864,7.893
H,0,PHE,CD2,19.304,-1.353,8.376
H,0,PHE,CE1,19.121,0.858,6.666
H,0,PHE,CE2,19.977,-1.36,7.149
H,0,PHE,CZ,19.885,-0.254,6.294
H,0,VAL,N,19.716,2.817,10.952
H,0,VAL,CA,19.877,4.239,10.587
H,0,VAL,C,20.873,4.443,9.447
H,0,VAL,O,21.689,3.563,9.143
H,0,VAL,CB,20.383,5.041,11.786
H,0,VAL,CG1,19.488,4.902,13.018
H,0,VAL,CG2,21.782,4.62,12.238
H,0,MET,N,20.744,5.624,8.873
H,0,MET,CA,21.59,6.104,7.777
H,0,MET,C,21.891,7.581,8.001
H,0,MET,O,21.019,8.355,8.42
H,0,MET,CB,20.861,5.962,6.435
H,0,MET,CG,20.349,4.544,6.173
H,0,MET,SD,19.626,4.356,4.556
H,0,MET,CE,20.908,4.218,3.329
H,0,LYS,N,23.122,7.943,7.729
H,0,LYS,CA,23.557,9.332,7.862
H,0,LYS,C,23.448,10.015,6.512
H,0,LYS,O,24.21,9.724,5.581
H,0,LYS,CB,25.004,9.406,8.344
H,0,LYS,CG,25.44,10.836,8.678
H,0,LYS,CD,26.816,10.906,9.343
H,0,LYS,CE,27.349,12.336,9.463
H,0,LYS,NZ,28.398,12.474,10.483
H,0,SER,N,22.493,10.902,6.432
H,0,SER,CA,22.264,11.65,5.21
H,0,SER,C,23.573,12.437,4.831
H,0,SER,O,24.1,13.19,5.586
H,0,SER,CB,21.123,12.651,5.402
H,0,SER,OG,21.121,13.592,4.337
H,0,PRO,N,23.983,12.323,3.593
H,0,PRO,CA,25.145,13.15,3.135
H,0,PRO,C,24.747,14.572,2.768
H,0,PRO,O,25.691,15.317,2.494
H,0,PRO,CB,25.65,12.297,1.983
H,0,PRO,CG,24.34,11.78,1.357
H,0,PRO,CD,23.425,11.417,2.57
H,0,PHE,N,23.488,14.869,2.744
H,0,PHE,CA,23.014,16.222,2.385
H,0,PHE,C,23.051,17.166,3.599
H,0,PHE,O,23.404,18.345,3.481
H,0,PHE,CB,21.53,16.131,1.856
H,0,PHE,CG,21.452,15.191,0.649
H,0,PHE,CD1,21.814,15.655,-0.623
H,0,PHE,CD2,21.041,13.863,0.816
H,0,PHE,CE1,21.763,14.792,-1.725
H,0,PHE,CE2,20.991,13,-0.286
H,0,PHE,CZ,21.353,13.465,-1.556
H,0,ASN,N,22.687,16.66,4.778
H,0,ASN,CA,22.666,17.522,5.984
H,0,ASN,C,23.408,16.893,7.184
H,0,ASN,O,23.392,17.439,8.298
H,0,ASN,CB,21.224,17.874,6.377
H,0,ASN,CG,20.38,16.686,6.84
H,0,ASN,OD1,19.207,16.865,7.174
H,0,ASN,ND2,20.902,15.478,6.883
H,0,ASN,N,24.039,15.765,6.926
H,0,ASN,CA,24.895,15.055,7.907
H,0,ASN,C,24.177,14.765,9.235
H,0,ASN,O,24.764,14.878,10.324
H,0,ASN,CB,26.139,15.893,8.154
H,0,ASN,CG,26.896,16.116,6.85
H,0,ASN,OD1,27.543,15.192,6.361
H,0,ASN,ND2,26.84,17.283,6.241
H,0,ARG,N,22.93,14.381,9.093
H,0,ARG,CA,22.071,13.992,10.218
H,0,ARG,C,21.732,12.512,10.087
H,0,ARG,O,21.673,11.967,8.976
H,0,ARG,CB,20.756,14.751,10.167
H,0,ARG,CG,20.755,16.033,10.985
H,0,ARG,CD,19.414,16.755,10.911
H,0,ARG,NE,19.547,18.211,10.958
H,0,ARG,CZ,19.246,18.943,12.032
H,0,ARG,NH1,18.795,18.364,13.152
H,0,ARG,NH2,19.364,20.274,12.085
H,0,TRP,N,21.511,11.882,11.217
H,0,TRP,CA,21.147,10.462,11.24
H,0,TRP,C,19.624,10.329,11.225
H,0,TRP,O,18.916,11.005,11.989
H,0,TRP,CB,21.709,9.781,12.488
H,0,TRP,CG,23.237,9.648,12.471
H,0,TRP,CD1,24.122,10.524,12.958
H,0,TRP,CD2,23.966,8.551,11.927
H,0,TRP,NE1,25.425,9.98,12.733
H,0,TRP,CE2,25.313,8.822,12.132
H,0,TRP,CE3,23.604,7.357,11.289
H,0,TRP,CZ2,26.341,7.956,11.74
H,0,TRP,CZ3,24.648,6.491,10.892
H,0,TRP,CH2,25.951,6.778,11.11
H,0,TYR,N,19.181,9.46,10.344
H,0,TYR,CA,17.759,9.162,10.149
H,0,TYR,C,17.503,7.679,10.348
H,0,TYR,O,18.278,6.83,9.89
H,0,TYR,CB,17.341,9.491,8.716
H,0,TYR,CG,17.25,10.985,8.449
H,0,TYR,CD1,16.045,11.656,8.67
H,0,TYR,CD2,18.372,11.676,7.983
H,0,TYR,CE1,15.96,13.028,8.429
H,0,TYR,CE2,18.288,13.05,7.742
H,0,TYR,CZ,17.082,13.726,7.966
H,0,TYR,OH,17.001,15.063,7.734
H,0,GLN,N,16.42,7.383,11.034
H,0,GLN,CA,16.026,5.992,11.237
H,0,GLN,C,15.102,5.57,10.103
H,0,GLN,O,13.935,5.983,10.045
H,0,GLN,CB,15.297,5.781,12.557
H,0,GLN,CG,14.884,4.315,12.736
H,0,GLN,CD,14.394,3.976,14.142
H,0,GLN,OE1,14.395,4.835,15.018
H,0,GLN,NE2,13.962,2.756,14.409
H,0,MET,N,15.664,4.755,9.236
H,0,MET,CA,14.965,4.269,8.045
H,0,MET,C,14.216,2.963,8.309
H,0,MET,O,13.18,2.684,7.697
H,0,MET,CB,15.957,3.996,6.916
H,0,MET,CG,16.944,5.14,6.691
H,0,MET,SD,16.149,6.709,6.424
H,0,MET,CE,14.918,6.562,5.147
H,0,GLY,N,14.731,2.151,9.212
H,0,GLY,CA,14.096,0.852,9.484
H,0,GLY,C,14.145,0.476,10.963
H,0,GLY,O,14.825,1.128,11.767
H,0,ILE,N,13.394,-0.577,11.236
H,0,ILE,CA,13.287,-1.2,12.563
H,0,ILE,C,13.5,-2.712,12.413
H,0,ILE,O,12.803,-3.382,11.64
H,0,ILE,CB,11.879,-1.003,13.151
H,0,ILE,CG1,11.495,0.465,13.341
H,0,ILE,CG2,11.711,-1.65,14.527
H,0,ILE,CD1,9.999,0.657,13.613
H,0,VAL,N,14.467,-3.246,13.142
H,0,VAL,CA,14.738,-4.696,13.1
H,0,VAL,C,13.415,-5.433,13.33
H,0,VAL,O,12.77,-5.273,14.376
H,0,VAL,CB,15.748,-5.081,14.182
H,0,VAL,CG1,16.13,-6.563,14.139
H,0,VAL,CG2,17.066,-4.311,14.071
H,0,SER,N,13.031,-6.232,12.344
H,0,SER,CA,11.74,-6.945,12.38
H,0,SER,C,11.895,-8.472,12.446
H,0,SER,O,11.542,-9.114,13.442
H,0,SER,CB,10.917,-6.616,11.139
H,0,SER,OG,9.59,-7.094,11.301
H,0,TRP,N,12.401,-9.072,11.378
H,0,TRP,CA,12.55,-10.539,11.353
H,0,TRP,C,13.667,-10.984,10.417
H,0,TRP,O,14.225,-10.181,9.657
H,0,TRP,CB,11.238,-11.211,10.909
H,0,TRP,CG,10.698,-10.758,9.541
H,0,TRP,CD1,9.977,-9.658,9.276
H,0,TRP,CD2,10.874,-11.46,8.315
H,0,TRP,NE1,9.677,-9.672,7.873
H,0,TRP,CE2,10.206,-10.741,7.331
H,0,TRP,CE3,11.534,-12.642,7.964
H,0,TRP,CZ2,10.142,-11.151,5.992
H,0,TRP,CZ3,11.474,-13.041,6.612
H,0,TRP,CH2,10.809,-12.331,5.674
H,0,GLY,N,13.938,-12.266,10.533
H,0,GLY,CA,14.964,-12.955,9.752
H,0,GLY,C,14.932,-14.44,10.096
H,0,GLY,O,14.591,-14.832,11.22
H,0,GLU,N,15.279,-15.233,9.11
H,0,GLU,CA,15.324,-16.688,9.26
H,0,GLU,C,16.738,-17.076,9.655
H,0,GLU,O,17.611,-17.274,8.796
H,0,GLU,CB,14.887,-17.338,7.956
H,0,GLU,CG,13.422,-17.04,7.634
H,0,GLU,CD,13.07,-17.262,6.166
H,0,GLU,OE1,13.954,-17.738,5.359
H,0,GLU,OE2,11.887,-16.979,5.739
H,0,GLY,N,16.897,-17.166,10.955
H,0,GLY,CA,18.188,-17.427,11.573
H,0,GLY,C,18.913,-16.091,11.658
H,0,GLY,O,18.284,-15.022,11.629
H,0,CYS,N,20.214,-16.164,11.752
H,0,CYS,CA,21.044,-14.962,11.833
H,0,CYS,C,22.342,-15.16,11.064
H,0,CYS,O,23.08,-16.124,11.299
H,0,CYS,CB,21.389,-14.651,13.289
H,0,CYS,SG,19.933,-14.603,14.377
H,0,ASP,N,22.567,-14.232,10.165
H,0,ASP,CA,23.78,-14.187,9.342
H,0,ASP,C,23.991,-15.461,8.527
H,0,ASP,O,25.13,-15.903,8.313
H,0,ASP,CB,25.014,-14.014,10.221
H,0,ASP,CG,26.235,-13.551,9.426
H,0,ASP,OD1,26.105,-12.647,8.514
H,0,ASP,OD2,27.393,-14.066,9.663
H,0,ARG,N,22.899,-16.031,8.082
H,0,ARG,CA,22.944,-17.225,7.234
H,0,ARG,C,23.204,-16.795,5.797
H,0,ARG,O,22.666,-15.784,5.328
H,0,ARG,CB,21.602,-17.954,7.266
H,0,ARG,CG,21.395,-18.798,8.519
H,0,ARG,CD,20.267,-19.818,8.364
H,0,ARG,NE,19.661,-20.201,9.645
H,0,ARG,CZ,18.459,-20.779,9.763
H,0,ARG,NH1,17.713,-21.05,8.683
H,0,ARG,NH2,17.91,-21.13,10.933
H,0,ASP,N,24.029,-17.557,5.119
H,0,ASP,CA,24.325,-17.295,3.709
H,0,ASP,C,23.031,-17.435,2.902
H,0,ASP,O,22.318,-18.439,3.013
H,0,ASP,CB,25.318,-18.333,3.176
H,0,ASP,CG,26.781,-17.898,3.26
H,0,ASP,OD1,27.122,-16.926,4.034
H,0,ASP,OD2,27.675,-18.509,2.557
H,0,GLY,N,22.729,-16.425,2.111
H,0,GLY,CA,21.547,-16.459,1.226
H,0,GLY,C,20.298,-15.852,1.886
H,0,GLY,O,19.273,-15.627,1.226
H,0,LYS,N,20.386,-15.605,3.177
H,0,LYS,CA,19.28,-14.986,3.931
H,0,LYS,C,19.635,-13.528,4.221
H,0,LYS,O,20.811,-13.142,4.203
H,0,LYS,CB,19.048,-15.725,5.251
H,0,LYS,CG,18.67,-17.195,5.06
H,0,LYS,CD,17.357,-17.389,4.296
H,0,LYS,CE,16.823,-18.822,4.379
H,0,LYS,NZ,15.412,-18.933,3.982
H,0,TYR,N,18.61,-12.745,4.48
H,0,TYR,CA,18.775,-11.317,4.778
H,0,TYR,C,17.861,-10.919,5.924
H,0,TYR,O,16.836,-11.567,6.178
H,0,TYR,CB,18.419,-10.486,3.546
H,0,TYR,CG,19.286,-10.868,2.353
H,0,TYR,CD1,20.508,-10.222,2.147
H,0,TYR,CD2,18.862,-11.872,1.478
H,0,TYR,CE1,21.315,-10.587,1.066
H,0,TYR,CE2,19.671,-12.241,0.399
H,0,TYR,CZ,20.899,-11.6,0.195
H,0,TYR,OH,21.688,-11.964,-0.85
H,0,GLY,N,18.272,-9.866,6.589
H,0,GLY,CA,17.51,-9.297,7.697
H,0,GLY,C,16.437,-8.384,7.118
H,0,GLY,O,16.692,-7.61,6.186
H,0,PHE,N,15.251,-8.499,7.67
H,0,PHE,CA,14.114,-7.687,7.228
H,0,PHE,C,13.812,-6.631,8.283
H,0,PHE,O,13.879,-6.9,9.492
H,0,PHE,CB,12.914,-8.585,6.964
H,0,PHE,CG,13.052,-9.324,5.635
H,0,PHE,CD1,13.831,-10.484,5.561
H,0,PHE,CD2,12.412,-8.834,4.492
H,0,PHE,CE1,13.97,-11.155,4.341
H,0,PHE,CE2,12.551,-9.505,3.271
H,0,PHE,CZ,13.33,-10.666,3.196
H,0,TYR,N,13.492,-5.458,7.778
H,0,TYR,CA,13.232,-4.283,8.61
H,0,TYR,C,11.944,-3.584,8.204
H,0,TYR,O,11.569,-3.568,7.024
H,0,TYR,CB,14.366,-3.28,8.427
H,0,TYR,CG,15.726,-3.889,8.745
H,0,TYR,CD1,16.373,-4.687,7.794
H,0,TYR,CD2,16.318,-3.652,9.987
H,0,TYR,CE1,17.615,-5.256,8.092
H,0,TYR,CE2,17.559,-4.222,10.286
H,0,TYR,CZ,18.207,-5.025,9.339
H,0,TYR,OH,19.412,-5.582,9.634
H,0,THR,N,11.305,-3.02,9.209
H,0,THR,CA,10.088,-2.236,9.013
H,0,THR,C,10.481,-0.922,8.333
H,0,THR,O,11.391,-0.219,8.79
H,0,THR,CB,9.421,-1.94,10.361
H,0,THR,OG1,9.187,-3.148,11.071
H,0,THR,CG2,8.073,-1.228,10.218
H,0,HIS,N,9.792,-0.643,7.247
H,0,HIS,CA,9.995,0.576,6.436
H,0,HIS,C,9.332,1.752,7.164
H,0,HIS,O,8.134,2.016,6.995
H,0,HIS,CB,9.326,0.344,5.079
H,0,HIS,CG,9.803,1.248,3.942
H,0,HIS,ND1,9.886,2.63,4.076
H,0,HIS,CD2,10.202,0.962,2.673
H,0,HIS,CE1,10.314,3.128,2.927
H,0,HIS,NE2,10.507,2.146,2.081
H,0,VAL,N,10.135,2.431,7.959
H,0,VAL,CA,9.667,3.534,8.815
H,0,VAL,C,8.956,4.648,8.029
H,0,VAL,O,7.871,5.109,8.404
H,0,VAL,CB,10.831,4.159,9.581
H,0,VAL,CG1,10.439,5.448,10.312
H,0,VAL,CG2,11.394,3.231,10.661
H,0,PHE,N,9.543,5.105,6.937
H,0,PHE,CA,8.923,6.215,6.194
H,0,PHE,C,7.525,5.865,5.671
H,0,PHE,O,6.636,6.726,5.604
H,0,PHE,CB,9.69,6.645,4.956
H,0,PHE,CG,8.855,7.669,4.191
H,0,PHE,CD1,8.671,8.949,4.727
H,0,PHE,CD2,8.249,7.322,2.98
H,0,PHE,CE1,7.874,9.88,4.056
H,0,PHE,CE2,7.448,8.253,2.31
H,0,PHE,CZ,7.259,9.532,2.849
H,0,ARG,N,7.36,4.613,5.306
H,0,ARG,CA,6.096,4.112,4.738
H,0,ARG,C,4.961,4.114,5.768
H,0,ARG,O,3.774,4.081,5.414
H,0,ARG,CB,6.274,2.678,4.243
H,0,ARG,CG,6.543,2.594,2.74
H,0,ARG,CD,5.709,1.517,2.043
H,0,ARG,NE,4.819,2.061,1.007
H,0,ARG,CZ,3.539,1.698,0.853
H,0,ARG,NH1,2.978,0.788,1.661
H,0,ARG,NH2,2.727,2.193,-0.091
H,0,LEU,N,5.334,4.151,7.031
H,0,LEU,CA,4.355,4.12,8.131
H,0,LEU,C,4.418,5.403,8.964
H,0,LEU,O,3.92,5.457,10.097
H,0,LEU,CB,4.649,2.931,9.05
H,0,LEU,CG,4.557,1.584,8.329
H,0,LEU,CD1,5.233,0.445,9.094
H,0,LEU,CD2,3.113,1.13,8.101
H,0,LYS,N,5.015,6.419,8.378
H,0,LYS,CA,5.219,7.705,9.061
H,0,LYS,C,3.906,8.458,9.292
H,0,LYS,O,3.748,9.191,10.276
H,0,LYS,CB,6.143,8.602,8.249
H,0,LYS,CG,7.202,9.281,9.118
H,0,LYS,CD,6.971,10.784,9.273
H,0,LYS,CE,8.186,11.514,9.844
H,0,LYS,NZ,8.779,12.468,8.897
H,0,LYS,N,2.966,8.294,8.395
H,0,LYS,CA,1.687,8.988,8.538
H,0,LYS,C,0.978,8.507,9.799
H,0,LYS,O,0.324,9.287,10.504
H,0,LYS,CB,0.828,8.775,7.306
H,0,LYS,CG,0.901,9.959,6.34
H,0,LYS,CD,0.332,9.647,4.958
H,0,LYS,CE,0.633,10.74,3.932
H,0,LYS,NZ,0.545,10.262,2.546
H,0,TRP,N,1.124,7.226,10.076
H,0,TRP,CA,0.516,6.64,11.273
H,0,TRP,C,1.22,7.169,12.527
H,0,TRP,O,0.573,7.511,13.526
H,0,TRP,CB,0.626,5.118,11.277
H,0,TRP,CG,0.21,4.539,12.629
H,0,TRP,CD1,-1.038,4.373,13.087
H,0,TRP,CD2,1.105,4.088,13.63
H,0,TRP,NE1,-0.933,3.826,14.405
H,0,TRP,CE2,0.333,3.673,14.706
H,0,TRP,CE3,2.498,4.005,13.715
H,0,TRP,CZ2,0.882,3.184,15.896
H,0,TRP,CZ3,3.043,3.503,14.914
H,0,TRP,CH2,2.271,3.113,15.953
H,0,ILE,N,2.54,7.223,12.435
H,0,ILE,CA,3.401,7.696,13.535
H,0,ILE,C,3.019,9.121,13.939
H,0,ILE,O,2.836,9.421,15.128
H,0,ILE,CB,4.87,7.705,13.102
H,0,ILE,CG1,5.485,6.305,13.04
H,0,ILE,CG2,5.767,8.509,14.045
H,0,ILE,CD1,6.907,6.302,12.474
H,0,GLN,N,2.912,9.957,12.923
H,0,GLN,CA,2.581,11.378,13.089
H,0,GLN,C,1.198,11.554,13.708
H,0,GLN,O,1.002,12.387,14.605
H,0,GLN,CB,2.572,12.091,11.741
H,0,GLN,CG,2.811,13.592,11.881
H,0,GLN,CD,4.159,13.908,12.525
H,0,GLN,OE1,4.22,14.205,13.716
H,0,GLN,NE2,5.258,13.856,11.798
H,0,LYS,N,0.272,10.766,13.206
H,0,LYS,CA,-1.119,10.805,13.666
H,0,LYS,C,-1.202,10.504,15.168
H,0,LYS,O,-1.928,11.172,15.915
H,0,LYS,CB,-1.963,9.78,12.91
H,0,LYS,CG,-3.331,9.547,13.556
H,0,LYS,CD,-4.456,9.376,12.533
H,0,LYS,CE,-5.173,8.03,12.656
H,0,LYS,NZ,-5.965,7.91,13.889
H,0,VAL,N,-0.452,9.498,15.588
H,0,VAL,CA,-0.437,9.075,17.001
H,0,VAL,C,0.137,10.177,17.891
H,0,VAL,O,-0.455,10.55,18.912
H,0,VAL,CB,0.42,7.824,17.198
H,0,VAL,CG1,0.705,7.527,18.676
H,0,VAL,CG2,-0.233,6.558,16.644
H,0,ILE,N,1.285,10.676,17.484
H,0,ILE,CA,1.987,11.72,18.238
H,0,ILE,C,1.185,13.02,18.229
H,0,ILE,O,1.138,13.75,19.229
H,0,ILE,CB,3.379,11.94,17.649
H,0,ILE,CG1,4.366,10.841,18.05
H,0,ILE,CG2,4.015,13.259,18.095
H,0,ILE,CD1,5.627,10.82,17.187
H,0,ASP,N,0.561,13.283,17.103
H,0,ASP,CA,-0.249,14.494,16.929
H,0,ASP,C,-1.497,14.43,17.815
H,0,ASP,O,-1.868,15.412,18.473
H,0,ASP,CB,-0.675,14.639,15.469
H,0,ASP,CG,0.374,15.356,14.618
H,0,ASP,OD1,1.513,15.675,15.133
H,0,ASP,OD2,0.121,15.639,13.385
H,0,GLN,N,-2.122,13.267,17.821
H,0,GLN,CA,-3.355,13.055,18.591
H,0,GLN,C,-3.074,12.832,20.074
H,0,GLN,O,-3.907,13.145,20.938
H,0,GLN,CB,-4.12,11.812,18.108
H,0,GLN,CG,-5.313,11.468,19.018
H,0,GLN,CD,-6.212,10.353,18.466
H,0,GLN,OE1,-7.245,10.041,19.063
H,0,GLN,NE2,-5.882,9.725,17.354
H,0,PHE,N,-1.902,12.309,20.382
H,0,PHE,CA,-1.626,11.944,21.768
H,0,PHE,C,-0.374,12.572,22.394
H,0,PHE,O,-0.271,12.253,23.634
H,0,PHE,CB,-1.474,10.412,21.894
H,0,PHE,CG,-2.736,9.598,21.498
H,0,PHE,CD1,-3.87,9.567,22.335
H,0,PHE,CD2,-2.762,8.865,20.298
H,0,PHE,CE1,-5.003,8.809,21.973
H,0,PHE,CE2,-3.89,8.109,19.941
H,0,PHE,CZ,-5.009,8.079,20.778
I,1,GLY,N,20.469,-13.494,37.284
I,1,GLY,CA,21.843,-13.276,37.701
I,1,GLY,C,22.61,-12.484,36.651
I,1,GLY,O,23.651,-11.877,36.944
I,1,ASP,N,22.053,-12.53,35.473
I,1,ASP,CA,22.6,-11.875,34.289
I,1,ASP,C,22.689,-10.354,34.475
I,1,ASP,O,23.751,-9.747,34.286
I,1,ASP,CB,21.674,-12.146,33.113
I,1,ASP,CG,20.208,-12.174,33.543
I,1,ASP,OD1,19.82,-11.451,34.541
I,1,ASP,OD2,19.363,-12.916,32.917
I,1,PHE,N,21.563,-9.766,34.847
I,1,PHE,CA,21.446,-8.3,34.967
I,1,PHE,C,21.579,-7.789,36.395
I,1,PHE,O,21.024,-8.37,37.339
I,1,PHE,CB,20.083,-7.837,34.473
I,1,PHE,CG,19.985,-7.885,32.96
I,1,PHE,CD1,19.538,-9.05,32.336
I,1,PHE,CD2,20.352,-6.768,32.206
I,1,PHE,CE1,19.46,-9.1,30.941
I,1,PHE,CE2,20.274,-6.816,30.813
I,1,PHE,CZ,19.828,-7.983,30.179
I,1,GLU,N,22.317,-6.693,36.472
I,1,GLU,CA,22.532,-5.964,37.719
I,1,GLU,C,21.244,-5.217,38.049
I,1,GLU,O,20.573,-4.683,37.153
I,1,GLU,CB,23.688,-4.973,37.569
I,1,GLU,CG,23.865,-4.084,38.803
I,1,GLU,CD,25.075,-3.153,38.709
I,1,GLU,OE1,25.769,-3.105,37.623
I,1,GLU,OE2,25.4,-2.415,39.716
I,1,GLU,N,20.951,-5.212,39.324
I,1,GLU,CA,19.731,-4.612,39.88
I,1,GLU,C,19.624,-3.11,39.605
I,1,GLU,O,20.606,-2.364,39.731
I,1,GLU,CB,19.732,-4.773,41.4
I,1,GLU,CG,19.156,-6.108,41.853
I,1,GLU,CD,17.86,-6.458,41.128
I,1,GLU,OE1,16.855,-5.653,41.19
I,1,GLU,OE2,17.775,-7.552,40.455
I,1,ILE,N,18.41,-2.714,39.234
I,1,ILE,CA,18.067,-1.296,39.048
I,1,ILE,C,17.852,-0.707,40.447
I,1,ILE,O,17.02,-1.265,41.14
I,1,ILE,CB,16.765,-1.121,38.26
I,1,ILE,CG1,16.682,-1.992,37.01
I,1,ILE,CG2,16.554,0.319,37.775
I,1,ILE,CD1,17.994,-2.047,36.232
I,1,PRO,N,18.358,0.481,40.709
I,1,PRO,CA,18.167,1.15,41.982
I,1,PRO,C,16.685,1.37,42.149
I,1,PRO,O,16.009,1.655,41.146
I,1,PRO,CB,18.948,2.444,41.852
I,1,PRO,CG,18.994,2.675,40.368
I,1,PRO,CD,19.243,1.287,39.82
I,1,GLU,N,16.194,1.159,43.373
I,1,GLU,CA,14.774,1.309,43.626
I,1,GLU,C,14.25,2.707,43.822
I,1,GLU,O,13.741,3.039,44.895
I,1,GLU,N,14.321,3.603,42.873
I,1,GLU,CA,13.623,4.882,42.887
I,1,GLU,C,12.562,4.746,41.8
I,1,GLU,O,11.548,5.458,41.8
I,1,GLU,CB,14.519,6.061,42.54
I,1,GLU,CG,15.431,6.477,43.692
I,1,GLU,CD,16.734,5.684,43.726
I,1,GLU,OE1,16.897,4.68,42.933
I,1,GLU,OE2,17.669,6.017,44.548
I,1,TYR,N,12.9,3.8,40.927
I,1,TYR,CA,12.083,3.376,39.786
I,1,TYR,C,11.566,1.953,40.077
I,1,TYR,O,10.42,1.763,40.499
I,1,TYR,CB,12.925,3.424,38.503
I,1,TYR,CG,14.176,4.3,38.645
I,1,TYR,CD1,14.101,5.687,38.438
I,1,TYR,CD2,15.399,3.714,38.986
I,1,TYR,CE1,15.249,6.482,38.584
I,1,TYR,CE2,16.543,4.507,39.136
I,1,TYR,CZ,16.469,5.891,38.937
I,1,TYR,OH,17.581,6.659,39.089
I,1,LEU,N,12.427,0.963,39.863
I,1,LEU,CA,12.087,-0.457,40.135
I,1,LEU,C,12.269,-0.739,41.619
I,1,LEU,O,11.858,0.008,42.525
I,1,LEU,CB,13,-1.382,39.328
