Atom_id,AtomType,Res,Chain_name,Chain_num,X,Y,Z,Atom
57,OE1,GLN,C,0,47.495,38.28,9.926,O
1331,O,ASP,D,1,50.9,36.418,18.633,O
58,NE2,GLN,C,0,49.038,39.849,9.476,N
65,C,PRO,C,0,54.368,35.854,9.319,C
66,O,PRO,C,0,54.217,36.085,10.524,O
1330,C,ASP,D,1,50.929,36.732,19.827,C
116,NH2,ARG,C,0,48.48,50.644,12.259,N
987,CE2,PHE,D,1,41.42,50.527,19.129,C
988,CZ,PHE,D,1,40.822,51.344,18.188,C
363,CG1,VAL,C,0,38.792,35.991,12.302,C
839,CZ2,TRP,D,1,34.83,35.205,21.408,C
387,N,ASN,C,0,47.075,35.11,9.523,N
388,CA,ASN,C,0,48.051,34.13,9.966,C
1341,OG1,THR,D,1,48.28,33.129,19.761,O
389,C,ASN,C,0,47.614,33.529,11.306,C
1337,CA,THR,D,1,48.972,35.365,20.408,C
1340,CB,THR,D,1,49.376,33.889,20.286,C
390,O,ASN,C,0,46.776,34.104,12.006,O
1336,N,THR,D,1,50.122,36.193,20.733,N
1338,C,THR,D,1,47.93,35.601,21.496,C
1343,N,ALA,D,1,46.841,34.841,21.459,N
391,CB,ASN,C,0,49.447,34.767,10.039,C
392,CG,ASN,C,0,49.55,35.9,11.049,C
1329,CA,ASP,D,1,51.915,37.787,20.307,C
393,OD1,ASN,C,0,48.768,36.001,11.986,O
1323,O,LEU,D,1,50.12,39.859,20.54,O
1332,CB,ASP,D,1,53.312,37.18,20.456,C
394,ND2,ASN,C,0,50.538,36.766,10.849,N
395,N,PRO,C,0,48.172,32.369,11.685,N
396,CA,PRO,C,0,47.665,31.667,12.883,C
1342,CG2,THR,D,1,49.777,33.326,21.643,C
397,C,PRO,C,0,47.513,32.517,14.138,C
1339,O,THR,D,1,48.102,36.465,22.36,O
1344,CA,ALA,D,1,45.833,34.923,22.506,C
1345,C,ALA,D,1,46.109,33.862,23.562,C
1346,O,ALA,D,1,46.318,32.688,23.236,O
1347,CB,ALA,D,1,44.427,34.754,21.931,C
398,O,PRO,C,0,46.426,32.544,14.73,O
399,CB,PRO,C,0,48.699,30.551,13.071,C
400,CG,PRO,C,0,49.141,30.237,11.686,C
401,CD,PRO,C,0,49.17,31.555,10.96,C
402,N,ASP,C,0,48.571,33.213,14.565,N
1322,C,LEU,D,1,50.549,39.338,21.574,C
1328,N,ASP,D,1,51.489,38.392,21.564,N
1333,CG,ASP,D,1,53.437,36.293,21.679,C
1334,OD1,ASP,D,1,52.634,36.455,22.62,O
1335,OD2,ASP,D,1,54.345,35.439,21.701,O
403,CA,ASP,C,0,48.517,33.943,15.831,C
1316,CA,ALA,D,1,46.261,39.425,23.435,C
1317,C,ALA,D,1,47.652,40.041,23.492,C
1319,CB,ALA,D,1,45.362,40.21,22.48,C
1320,N,LEU,D,1,48.656,39.262,23.094,N
1321,CA,LEU,D,1,50.012,39.769,22.933,C
1348,N,TYR,D,1,46.115,34.282,24.822,N
1354,CD1,TYR,D,1,49.093,35.175,25.365,C
1356,CE1,TYR,D,1,50.29,35.315,24.685,C
1357,CE2,TYR,D,1,50.963,33.144,25.437,C
1358,CZ,TYR,D,1,51.22,34.297,24.726,C
1359,OH,TYR,D,1,52.413,34.434,24.052,O
404,C,ASP,C,0,47.495,35.075,15.782,C
1313,O,ALA,D,1,45.793,37.15,25.004,O
1324,CB,LEU,D,1,50.912,39.264,24.061,C
405,O,ASP,C,0,46.587,35.151,16.625,O
1312,C,ALA,D,1,45.475,38.262,25.438,C
1315,N,ALA,D,1,45.695,39.391,24.776,N
1318,O,ALA,D,1,47.808,41.198,23.899,O
1349,CA,TYR,D,1,46.326,33.396,25.956,C
1353,CG,TYR,D,1,48.804,34.021,26.084,C
1366,CD1,TRP,D,1,42.788,31.381,24.784,C
1368,NE1,TRP,D,1,42.059,31.937,23.76,N
1369,CE2,TRP,D,1,40.88,32.417,24.265,C
1371,CZ2,TRP,D,1,39.824,33.061,23.623,C
406,CB,ASP,C,0,49.905,34.48,16.177,C
407,CG,ASP,C,0,50.908,33.373,16.451,C
1355,CD2,TYR,D,1,49.758,33.012,26.113,C
408,OD1,ASP,C,0,50.497,32.302,16.941,O
409,OD2,ASP,C,0,52.111,33.576,16.175,O
410,N,CYS,C,0,47.618,35.963,14.792,N
411,CA,CYS,C,0,46.667,37.064,14.68,C
412,C,CYS,C,0,45.255,36.551,14.435,C
413,O,CYS,C,0,44.286,37.221,14.797,O
801,CB,ALA,D,1,42.782,42.864,22.902,C
414,CB,CYS,C,0,47.088,38.036,13.575,C
415,SG,CYS,C,0,45.979,39.453,13.34,S
416,N,LYS,C,0,45.114,35.367,13.836,N
417,CA,LYS,C,0,43.783,34.782,13.711,C
418,C,LYS,C,0,43.233,34.393,15.076,C
419,O,LYS,C,0,42.056,34.628,15.366,O
841,CH2,TRP,D,1,33.929,34.301,20.917,C
1305,CD1,PHE,D,1,41.199,37.887,24.639,C
1307,CE1,PHE,D,1,40.507,38.917,24.031,C
1373,CH2,TRP,D,1,38.755,33.436,24.389,C
420,CB,LYS,C,0,43.807,33.571,12.78,C
421,CG,LYS,C,0,42.44,32.93,12.588,C
422,CD,LYS,C,0,42.513,31.671,11.747,C
425,N,THR,C,0,44.064,33.776,15.917,N
426,CA,THR,C,0,43.644,33.465,17.28,C
1303,CB,PHE,D,1,41.283,35.776,26.017,C
1304,CG,PHE,D,1,40.529,36.904,25.357,C
1306,CD2,PHE,D,1,39.149,36.97,25.438,C
1309,CZ,PHE,D,1,39.133,38.972,24.125,C
1350,C,TYR,D,1,45.045,33.342,26.775,C
1351,O,TYR,D,1,44.346,34.35,26.909,O
1365,CG,TRP,D,1,42.108,31.494,25.96,C
1367,CD2,TRP,D,1,40.874,32.153,25.648,C
1370,CE3,TRP,D,1,39.767,32.55,26.406,C
1372,CZ3,TRP,D,1,38.719,33.187,25.766,C
427,C,THR,C,0,43.177,34.725,18.006,C
800,O,ALA,D,1,44.0,41.256,25.366,O
834,CD1,TRP,D,1,35.929,35.476,24.828,C
836,NE1,TRP,D,1,35.972,35.913,23.524,N
837,CE2,TRP,D,1,35.123,35.147,22.77,C
1300,CA,PHE,D,1,41.839,36.114,27.418,C
1301,C,PHE,D,1,42.636,37.407,27.368,C
1308,CE2,PHE,D,1,38.453,37.996,24.827,C
1310,N,ALA,D,1,43.897,37.277,26.967,N
1311,CA,ALA,D,1,44.796,38.403,26.788,C
1352,CB,TYR,D,1,47.492,33.879,26.828,C
1360,N,TRP,D,1,44.735,32.167,27.315,N
428,O,THR,C,0,42.101,34.746,18.62,O
833,CG,TRP,D,1,35.05,34.44,24.947,C
835,CD2,TRP,D,1,34.528,34.204,23.632,C
838,CE3,TRP,D,1,33.612,33.292,23.101,C
840,CZ3,TRP,D,1,33.32,33.353,21.749,C
905,NH1,ARG,D,1,37.25,30.223,25.254,N
1299,N,PHE,D,1,40.792,36.232,28.416,N
1302,O,PHE,D,1,42.119,38.491,27.657,O
1361,CA,TRP,D,1,43.497,31.968,28.049,C
1364,CB,TRP,D,1,42.553,31.008,27.305,C
429,CB,THR,C,0,44.794,32.796,18.036,C
430,OG1,THR,C,0,45.243,31.651,17.3,O
431,CG2,THR,C,0,44.321,32.322,19.39,C
906,NH2,ARG,D,1,38.164,28.283,26.069,N
432,N,ILE,C,0,43.97,35.799,17.924,N
797,N,ALA,D,1,44.847,43.527,24.089,N
798,CA,ALA,D,1,43.42,43.281,24.233,C
799,C,ALA,D,1,43.212,42.2,25.282,C
433,CA,ILE,C,0,43.602,37.041,18.603,C
789,N,ASN,D,1,47.536,43.964,24.405,N
790,CA,ASN,D,1,46.831,44.826,23.467,C
791,C,ASN,D,1,45.323,44.613,23.482,C
792,O,ASN,D,1,44.592,45.445,22.935,O
793,CB,ASN,D,1,47.369,44.612,22.046,C
796,ND2,ASN,D,1,49.66,43.965,21.607,N
802,N,MET,D,1,42.156,42.348,26.082,N
803,CA,MET,D,1,41.744,41.316,27.023,C
804,C,MET,D,1,40.227,41.232,27.011,C
964,CG2,VAL,D,1,39.91,45.411,21.537,C
1314,CB,ALA,D,1,45.842,38.475,27.906,C
434,C,ILE,C,0,42.308,37.613,18.027,C
943,CB,ARG,D,1,36.277,42.589,23.967,C
945,CD,ARG,D,1,36.278,43.55,21.676,C
946,NE,ARG,D,1,35.525,44.362,20.728,N
962,CB,VAL,D,1,40.714,46.663,21.853,C
963,CG1,VAL,D,1,41.951,46.754,20.97,C
435,O,ILE,C,0,41.415,38.037,18.773,O
805,O,MET,D,1,39.547,42.139,26.529,O
810,N,GLY,D,1,39.692,40.134,27.53,N
811,CA,GLY,D,1,38.246,40.014,27.568,C
922,CD1,PHE,D,1,33.484,38.635,23.075,C
924,CE1,PHE,D,1,33.931,39.928,23.273,C
926,CZ,PHE,D,1,33.042,40.982,23.209,C
940,CA,ARG,D,1,36.227,42.867,25.475,C
944,CG,ARG,D,1,35.754,43.704,23.09,C
947,CZ,ARG,D,1,34.431,43.946,20.104,C
948,NH1,ARG,D,1,33.959,42.728,20.338,N
953,O,ILE,D,1,40.755,44.878,25.487,O
959,CA,VAL,D,1,41.102,46.693,23.345,C
436,CB,ILE,C,0,44.757,38.058,18.53,C
780,C,PHE,D,1,47.773,44.35,25.658,C
794,CG,ASN,D,1,48.839,44.96,21.922,C
795,OD1,ASN,D,1,49.234,46.11,22.109,O
1325,CG,LEU,D,1,52.134,40.125,24.374,C
1326,CD1,LEU,D,1,51.68,41.528,24.717,C
437,CG1,ILE,C,0,45.854,37.687,19.53,C
779,CA,PHE,D,1,48.48,43.336,26.549,C
782,CB,PHE,D,1,47.446,42.539,27.348,C
783,CG,PHE,D,1,48.038,41.454,28.202,C
784,CD1,PHE,D,1,48.927,40.537,27.662,C
786,CE1,PHE,D,1,49.467,39.534,28.441,C
1327,CD2,LEU,D,1,52.939,39.523,25.515,C
438,CG2,ILE,C,0,44.257,39.464,18.802,C
781,O,PHE,D,1,47.445,45.459,26.09,O
952,C,ILE,D,1,39.867,45.701,25.224,C
958,N,VAL,D,1,39.933,46.548,24.201,N
965,N,LYS,D,1,43.127,47.985,23.686,N
439,CD1,ILE,C,0,47.138,38.471,19.359,C
770,O,ARG,D,1,50.867,44.473,25.786,O
440,N,LEU,C,0,42.178,37.621,16.698,N
441,CA,LEU,C,0,41.001,38.22,16.068,C
442,C,LEU,C,0,39.735,37.435,16.389,C
921,CG,PHE,D,1,32.145,38.379,22.822,C
949,NH2,ARG,D,1,33.803,44.747,19.258,N
443,O,LEU,C,0,38.66,38.022,16.555,O
920,CB,PHE,D,1,31.666,36.972,22.603,C
923,CD2,PHE,D,1,31.264,39.448,22.753,C
925,CE2,PHE,D,1,31.709,40.742,22.951,C
444,CB,LEU,C,0,41.195,38.306,14.554,C
445,CG,LEU,C,0,42.24,39.288,14.02,C
447,CD2,LEU,C,0,41.986,40.686,14.543,C
448,N,LYS,C,0,39.841,36.107,16.466,N
449,CA,LYS,C,0,38.695,35.296,16.862,C
450,C,LYS,C,0,38.345,35.535,18.324,C
817,O,TRP,D,1,34.07,37.358,27.167,O
832,CB,TRP,D,1,34.724,33.675,26.196,C
899,O,ARG,D,1,30.841,30.952,22.0,O
900,CB,ARG,D,1,33.245,29.571,23.279,C
901,CG,ARG,D,1,34.172,28.574,23.957,C
904,CZ,ARG,D,1,37.102,28.975,25.68,C
909,C,GLU,D,1,30.701,33.913,24.389,C
916,N,PHE,D,1,30.638,34.993,23.61,N
917,CA,PHE,D,1,31.42,36.188,23.893,C
937,O,ALA,D,1,35.266,40.44,26.403,O
451,O,LYS,C,0,37.165,35.532,18.695,O
814,N,TRP,D,1,36.475,38.521,28.147,N
816,C,TRP,D,1,34.836,36.734,27.912,C
828,N,TRP,D,1,34.911,35.405,27.956,N
829,CA,TRP,D,1,34.002,34.492,27.281,C
897,CA,ARG,D,1,31.76,29.44,23.623,C
898,C,ARG,D,1,31.029,30.705,23.192,C
902,CD,ARG,D,1,34.663,29.083,25.306,C
907,N,GLU,D,1,30.597,31.487,24.175,N
908,CA,GLU,D,1,29.858,32.722,23.951,C
910,O,GLU,D,1,31.391,33.857,25.414,O
918,C,PHE,D,1,30.698,37.056,24.918,C
919,O,PHE,D,1,29.492,37.295,24.803,O
927,N,VAL,D,1,31.441,37.527,25.919,N
452,CB,LYS,C,0,38.986,33.815,16.611,C
453,CG,LYS,C,0,39.169,33.451,15.146,C
454,CD,LYS,C,0,39.202,31.943,14.947,C
455,CE,LYS,C,0,37.82,31.327,15.065,C
456,NZ,LYS,C,0,36.938,31.756,13.944,N
457,N,ALA,C,0,39.362,35.731,19.17,N
812,C,GLY,D,1,37.781,38.758,28.269,C
458,CA,ALA,C,0,39.112,35.989,20.586,C
813,O,GLY,D,1,38.561,38.033,28.89,O
815,CA,TRP,D,1,35.758,37.478,28.865,C
830,C,TRP,D,1,33.407,33.554,28.325,C
903,NE,ARG,D,1,35.896,28.416,25.716,N
934,N,ALA,D,1,32.665,39.982,27.068,N
936,C,ALA,D,1,34.545,41.434,26.49,C
939,N,ARG,D,1,34.902,42.632,26.032,N
1284,O,TYR,D,1,37.035,34.64,29.764,O
1294,CA,CYS,D,1,39.565,35.608,30.403,C
1295,C,CYS,D,1,40.599,35.289,29.332,C
1296,O,CYS,D,1,41.21,34.217,29.332,O
459,C,ALA,C,0,38.304,37.265,20.813,C
806,CB,MET,D,1,42.237,41.585,28.455,C
818,CB,TRP,D,1,34.935,38.069,30.014,C
928,CA,VAL,D,1,30.874,38.312,27.015,C
929,C,VAL,D,1,31.359,39.76,26.97,C
935,CA,ALA,D,1,33.157,41.353,27.108,C
941,C,ARG,D,1,36.661,44.297,25.766,C
942,O,ARG,D,1,35.839,45.217,25.783,O
950,N,ILE,D,1,37.957,44.467,26.015,N
460,O,ALA,C,0,37.602,37.379,21.824,O
819,CG,TRP,D,1,35.747,38.525,31.178,C
831,O,TRP,D,1,33.925,33.428,29.437,O
842,N,ARG,D,1,32.306,32.896,27.971,N
930,O,VAL,D,1,30.547,40.683,26.843,O
931,CB,VAL,D,1,31.194,37.665,28.385,C
933,CG2,VAL,D,1,30.674,36.243,28.431,C
938,CB,ALA,D,1,33.185,41.897,28.544,C
951,CA,ILE,D,1,38.605,45.772,26.074,C
1007,O,VAL,D,1,32.57,44.389,25.541,O
1094,CD1,ILE,D,1,36.476,43.295,29.667,C
1283,C,TYR,D,1,37.803,33.937,30.428,C
1285,CB,TYR,D,1,37.755,31.62,29.552,C
1293,N,CYS,D,1,38.968,34.374,30.887,N
461,CB,ALA,C,0,40.436,36.066,21.346,C
607,CD1,LEU,D,1,44.959,35.181,30.049,C
807,CG,MET,D,1,43.681,42.031,28.581,C
1362,C,TRP,D,1,43.785,31.405,29.431,C
462,N,LEU,C,0,38.387,38.237,19.898,N
463,CA,LEU,C,0,37.697,39.508,20.108,C
1004,N,VAL,D,1,33.483,46.982,25.064,N
1005,CA,VAL,D,1,32.326,46.456,24.348,C
1006,C,VAL,D,1,31.795,45.254,25.116,C
1008,CB,VAL,D,1,32.682,46.072,22.901,C
1009,CG1,VAL,D,1,31.482,45.455,22.196,C
1010,CG2,VAL,D,1,33.182,47.28,22.139,C
464,C,LEU,C,0,36.184,39.391,19.975,C
1011,N,LEU,D,1,30.476,45.204,25.297,N
1012,CA,LEU,D,1,29.828,44.123,26.023,C
1013,C,LEU,D,1,28.737,43.51,25.16,C
1019,N,ALA,D,1,28.458,42.233,25.407,N
465,O,LEU,C,0,35.469,40.307,20.396,O
954,CB,ILE,D,1,38.943,46.204,27.51,C
992,O,ASP,D,1,35.85,49.516,24.22,O
999,C,PRO,D,1,33.491,48.172,25.659,C
1014,O,LEU,D,1,28.157,44.176,24.297,O
1020,CA,ALA,D,1,27.403,41.548,24.68,C
1023,CB,ALA,D,1,27.449,40.046,24.96,C
466,CB,LEU,C,0,38.207,40.571,19.13,C
960,C,VAL,D,1,41.794,47.999,23.708,C
467,CG,LEU,C,0,39.694,40.934,19.126,C
961,O,VAL,D,1,41.131,48.999,24.008,O
985,CD2,PHE,D,1,40.805,50.317,20.35,C
468,CD1,LEU,C,0,40.009,41.841,17.95,C
982,CB,PHE,D,1,38.923,50.685,21.973,C
983,CG,PHE,D,1,39.592,50.915,20.646,C
469,CD2,LEU,C,0,40.086,41.601,20.432,C
955,CG1,ILE,D,1,37.669,46.398,28.333,C
956,CG2,ILE,D,1,39.765,47.483,27.498,C
966,CA,LYS,D,1,43.908,49.105,24.196,C
967,C,LYS,D,1,43.568,50.404,23.475,C
968,O,LYS,D,1,43.634,50.489,22.245,O
969,CB,LYS,D,1,45.398,48.811,24.061,C
470,N,GLY,C,0,35.676,38.3,19.409,N
471,CA,GLY,C,0,34.251,38.115,19.266,C
911,CB,GLU,D,1,28.535,32.701,24.724,C
912,CG,GLU,D,1,27.805,34.036,24.78,C
472,C,GLY,C,0,33.654,38.93,18.135,C
473,O,GLY,C,0,34.36,39.444,17.262,O
474,N,PRO,C,0,32.331,39.068,18.139,N
1021,C,ALA,D,1,26.037,42.113,25.057,C
1024,N,ASP,D,1,25.065,41.899,24.165,N
475,CA,PRO,C,0,31.647,39.707,17.011,C
1030,OD1,ASP,D,1,24.427,43.813,22.125,O
476,C,PRO,C,0,31.672,41.226,17.091,C
1029,CG,ASP,D,1,23.368,43.171,21.976,C
1031,OD2,ASP,D,1,22.683,43.221,20.929,O
477,O,PRO,C,0,31.793,41.823,18.164,O
1015,CB,LEU,D,1,29.235,44.607,27.355,C
1022,O,ALA,D,1,25.852,42.715,26.118,O
1052,CE,LYS,D,1,26.056,46.68,23.893,C
1053,NZ,LYS,D,1,25.602,47.54,22.764,N
478,CB,PRO,C,0,30.214,39.176,17.135,C
1028,CB,ASP,D,1,22.887,42.287,23.113,C
479,CG,PRO,C,0,30.033,39.014,18.607,C
913,CD,GLU,D,1,26.545,33.983,25.63,C
914,OE1,GLU,D,1,25.767,34.96,25.604,O
1025,CA,ASP,D,1,23.728,42.442,24.381,C
1032,N,SER,D,1,23.291,40.486,25.783,N
1037,OG,SER,D,1,24.266,37.939,26.629,O
480,CD,PRO,C,0,31.376,38.548,19.133,C
481,N,GLY,C,0,31.557,41.849,15.917,N
482,CA,GLY,C,0,31.383,43.282,15.817,C
483,C,GLY,C,0,32.645,44.107,15.934,C
484,O,GLY,C,0,32.558,45.341,15.897,O
984,CD1,PHE,D,1,39.004,51.731,19.694,C
986,CE1,PHE,D,1,39.611,51.946,18.471,C
485,N,ALA,C,0,33.807,43.474,16.074,N
486,CA,ALA,C,0,35.052,44.21,16.243,C
487,C,ALA,C,0,35.356,45.059,15.014,C
488,O,ALA,C,0,35.26,44.588,13.878,O
489,CB,ALA,C,0,36.2,43.239,16.514,C
490,N,THR,C,0,35.728,46.316,15.249,N
491,CA,THR,C,0,36.076,47.216,14.163,C
492,C,THR,C,0,37.445,46.853,13.588,C
493,O,THR,C,0,38.212,46.079,14.17,O
494,CB,THR,C,0,36.073,48.667,14.644,C
979,CA,PHE,D,1,39.197,51.786,23.008,C
989,N,ASP,D,1,37.008,51.979,24.005,N
495,OG1,THR,C,0,36.834,48.77,15.854,O
976,C,GLY,D,1,41.356,52.85,23.4,C
977,O,GLY,D,1,40.906,53.97,23.138,O
978,N,PHE,D,1,40.589,51.766,23.428,N
980,C,PHE,D,1,38.272,51.613,24.207,C
981,O,PHE,D,1,38.686,51.173,25.284,O
990,CA,ASP,D,1,35.991,51.781,25.019,C
991,C,ASP,D,1,35.657,50.298,25.156,C
993,CB,ASP,D,1,34.735,52.578,24.675,C
496,CG2,THR,C,0,34.653,49.138,14.906,C
497,N,LEU,C,0,37.749,47.428,12.421,N
498,CA,LEU,C,0,39.048,47.197,11.799,C
499,C,LEU,C,0,40.175,47.816,12.613,C
500,O,LEU,C,0,41.293,47.29,12.624,O
501,CB,LEU,C,0,39.045,47.763,10.378,C
502,CG,LEU,C,0,40.321,47.643,9.544,C
505,N,GLU,C,0,39.898,48.924,13.3,N
506,CA,GLU,C,0,40.904,49.548,14.152,C
507,C,GLU,C,0,41.137,48.742,15.425,C
974,N,GLY,D,1,43.209,51.419,24.26,N
975,CA,GLY,D,1,42.821,52.709,23.743,C
508,O,GLU,C,0,42.283,48.579,15.86,O
970,CG,LYS,D,1,46.282,49.966,24.504,C
509,CB,GLU,C,0,40.488,50.981,14.466,C
510,CG,GLU,C,0,40.244,51.811,13.217,C
511,CD,GLU,C,0,38.825,51.722,12.698,C
512,OE1,GLU,C,0,37.993,51.048,13.341,O
513,OE2,GLU,C,0,38.54,52.343,11.653,O
514,N,GLU,C,0,40.065,48.236,16.04,N
515,CA,GLU,C,0,40.229,47.321,17.165,C
516,C,GLU,C,0,41.016,46.091,16.737,C
517,O,GLU,C,0,41.903,45.621,17.461,O
518,CB,GLU,C,0,38.862,46.911,17.716,C
997,N,PRO,D,1,35.155,49.882,26.316,N
998,CA,PRO,D,1,34.732,48.488,26.48,C
519,CG,GLU,C,0,38.262,47.872,18.724,C
994,CG,ASP,D,1,34.825,54.027,25.112,C
996,OD2,ASP,D,1,34.356,54.909,24.361,O
1000,O,PRO,D,1,32.567,48.983,25.556,O
1003,CD,PRO,D,1,35.123,50.62,27.592,C
520,CD,GLU,C,0,36.856,47.471,19.136,C
995,OD1,ASP,D,1,35.405,54.288,26.188,O
1001,CB,PRO,D,1,34.446,48.375,27.983,C
1002,CG,PRO,D,1,35.174,49.525,28.607,C
521,OE1,GLU,C,0,36.626,47.247,20.344,O
957,CD1,ILE,D,1,37.912,47.037,29.688,C
1017,CD1,LEU,D,1,30.576,46.57,28.234,C
522,OE2,GLU,C,0,35.987,47.347,18.245,O
523,N,MET,C,0,40.709,45.57,15.547,N
524,CA,MET,C,0,41.402,44.399,15.026,C
525,C,MET,C,0,42.88,44.693,14.797,C
526,O,MET,C,0,43.739,43.841,15.058,O
527,CB,MET,C,0,40.724,43.948,13.731,C
528,CG,MET,C,0,39.439,43.153,13.948,C
529,SD,MET,C,0,38.575,42.743,12.418,S
531,N,MET,C,0,43.197,45.898,14.314,N
532,CA,MET,C,0,44.588,46.259,14.055,C
533,C,MET,C,0,45.362,46.466,15.352,C
534,O,MET,C,0,46.535,46.083,15.449,O
971,CD,LYS,D,1,47.736,49.553,24.589,C
535,CB,MET,C,0,44.654,47.516,13.19,C
536,CG,MET,C,0,44.566,47.255,11.694,C
537,SD,MET,C,0,44.318,48.771,10.746,S
538,CE,MET,C,0,45.345,49.919,11.655,C
539,N,THR,C,0,44.734,47.09,16.352,N
540,CA,THR,C,0,45.395,47.272,17.643,C
972,CE,LYS,D,1,47.965,48.651,25.786,C
973,NZ,LYS,D,1,47.226,49.142,26.982,N
541,C,THR,C,0,45.625,45.933,18.335,C
542,O,THR,C,0,46.67,45.721,18.963,O
764,O,SER,D,1,50.063,47.597,27.99,O
769,C,ARG,D,1,50.559,44.515,26.984,C
778,N,PHE,D,1,49.418,44.004,27.442,N
543,CB,THR,C,0,44.572,48.202,18.536,C
544,OG1,THR,C,0,44.395,49.465,17.885,O
545,CG2,THR,C,0,45.274,48.423,19.872,C
546,N,ALA,C,0,44.654,45.022,18.238,N
547,CA,ALA,C,0,44.742,43.762,18.972,C
548,C,ALA,C,0,45.894,42.89,18.481,C
549,O,ALA,C,0,46.449,42.104,19.257,O
550,CB,ALA,C,0,43.421,43.002,18.861,C
551,N,CYS,C,0,46.261,43.002,17.205,N
552,CA,CYS,C,0,47.274,42.14,16.61,C
553,C,CYS,C,0,48.653,42.787,16.532,C
554,O,CYS,C,0,49.566,42.184,15.961,O
555,CB,CYS,C,0,46.835,41.694,15.209,C
556,SG,CYS,C,0,45.737,40.256,15.195,S
557,N,GLN,C,0,48.832,43.991,17.083,N
558,CA,GLN,C,0,50.099,44.697,16.915,C
559,C,GLN,C,0,51.246,44.069,17.697,C
772,CG,ARG,D,1,53.069,43.242,27.492,C
560,O,GLN,C,0,52.399,44.461,17.488,O
561,CB,GLN,C,0,49.948,46.163,17.328,C
562,CG,GLN,C,0,49.943,46.399,18.831,C
768,CA,ARG,D,1,51.478,45.214,27.981,C
563,CD,GLN,C,0,49.566,47.822,19.195,C
763,C,SER,D,1,50.073,46.914,29.021,C
564,OE1,GLN,C,0,49.387,48.67,18.323,O
565,NE2,GLN,C,0,49.447,48.092,20.49,N
762,CA,SER,D,1,49.294,47.395,30.239,C
767,N,ARG,D,1,50.738,45.758,29.113,N
771,CB,ARG,D,1,52.552,44.249,28.501,C
566,N,GLY,C,0,50.968,43.111,18.58,N
567,CA,GLY,C,0,52.019,42.405,19.285,C
773,CD,ARG,D,1,53.837,42.12,28.175,C
568,C,GLY,C,0,52.586,41.211,18.557,C
569,O,GLY,C,0,53.572,40.625,19.013,O
570,N,VAL,C,0,51.977,40.827,17.439,N
571,CA,VAL,C,0,52.391,39.65,16.689,C
572,C,VAL,C,0,53.713,39.904,15.974,C
573,O,VAL,C,0,53.792,40.737,15.07,O
574,CB,VAL,C,0,51.299,39.23,15.687,C
575,CG1,VAL,C,0,51.836,38.193,14.709,C
576,CG2,VAL,C,0,50.074,38.707,16.426,C
