,Index,Chain_name,Chain_num,Residue,Type,Atom_id,x_new,y_new,z_new
0,23,C,0,GLN,OE1,57,47.49505334590009,38.279507768009566,9.926300244927113
1,1109,D,1,ASP,O,1331,50.900465428147456,36.418086238030185,18.63285130937352
2,24,C,0,GLN,NE2,58,49.03761030942479,39.8490138233142,9.475703133702995
3,31,C,0,PRO,C,65,54.3683102822793,35.85405872816763,9.318640766563707
4,32,C,0,PRO,O,66,54.217253558132455,36.085319880788305,10.523684394561707
5,1108,D,1,ASP,C,1330,50.92901229569346,36.732017681469216,19.827209766945455
6,82,C,0,ARG,NH2,116,48.480303907399964,50.6438852006851,12.258899231767376
7,785,D,1,PHE,CE2,987,41.420309534760875,50.52727711937935,19.128853235520133
8,786,D,1,PHE,CZ,988,40.82214177103357,51.34366090057254,18.188166864702424
9,240,C,0,VAL,CG1,363,38.79231778986911,35.99145771905045,12.301617869004438
10,637,D,1,TRP,CZ2,839,34.83040771506896,35.204632229360705,21.40803589191397
11,264,C,0,ASN,N,387,47.07494627343042,35.110085298423016,9.52323541522739
12,265,C,0,ASN,CA,388,48.05101408022021,34.129875505185915,9.966471692838601
13,1119,D,1,THR,OG1,1341,48.27960542891982,33.12915407722961,19.761345485743178
14,266,C,0,ASN,C,389,47.61373336589162,33.528575593727425,11.306288842063184
15,1115,D,1,THR,CA,1337,48.97213026868961,35.365041781971236,20.408076896830558
16,1118,D,1,THR,CB,1340,49.376121829120535,33.8890522526339,20.286492652838376
17,267,C,0,ASN,O,390,46.775674490107775,34.10357368454107,12.006125620376952
18,1114,D,1,THR,N,1336,50.122080458027696,36.193147715449314,20.733007851003407
19,1116,D,1,THR,C,1338,47.930058769673536,35.60146428398561,21.495970913488275
20,1121,D,1,ALA,N,1343,46.84104533852302,34.84135236465579,21.459247394232705
21,268,C,0,ASN,CB,391,49.44729794314811,34.76709794295085,10.039279240085236
22,269,C,0,ASN,CG,392,49.55018185176203,35.90021004969262,11.04890533666929
23,1107,D,1,ASP,CA,1329,51.91501585244363,37.78693049923337,20.307476289818865
24,270,C,0,ASN,OD1,393,48.76793255866806,36.000820719779746,11.986441222125736
25,1101,D,1,LEU,O,1323,50.11953496244817,39.85929541139187,20.539685343293126
26,1110,D,1,ASP,CB,1332,53.31172953253596,37.17970030192034,20.455990206049307
27,271,C,0,ASN,ND2,394,50.53832608556388,36.76645125608435,10.84869008861574
28,272,C,0,PRO,N,395,48.1716260986862,32.36900448591192,11.684987329800496
29,273,C,0,PRO,CA,396,47.665243574673646,31.666854565661446,12.883371754293288
30,1120,D,1,THR,CG2,1342,49.77707319357906,33.325596249597474,21.64306750738237
31,274,C,0,PRO,C,397,47.51343120522551,32.51747229076244,14.138454018619635
32,1117,D,1,THR,O,1339,48.10196583062352,36.46529003268963,22.35995820406116
33,1122,D,1,ALA,CA,1344,45.83301319484112,34.92251708680508,22.506186019550594
34,1123,D,1,ALA,C,1345,46.10913920929286,33.86217821231273,23.561920311587794
35,1124,D,1,ALA,O,1346,46.31768117800294,32.688315081901585,23.235980749171905
36,1125,D,1,ALA,CB,1347,44.42721374744003,34.7543010574511,21.930519205190787
37,275,C,0,PRO,O,398,46.42596581785148,32.544086068449865,14.730253594574735
38,276,C,0,PRO,CB,399,48.69944405724803,30.55137854680318,13.070864722681508
39,277,C,0,PRO,CG,400,49.14120790784227,30.236997051000646,11.68617595786643
40,278,C,0,PRO,CD,401,49.16978296267249,31.55512513264565,10.960143020169852
41,279,C,0,ASP,N,402,48.57059069195549,33.213402487544165,14.56478250796108
42,1100,D,1,LEU,C,1322,50.54922144760509,39.33842195088658,21.57424774480148
43,1106,D,1,ASP,N,1328,51.48906572486532,38.39224575529224,21.563648622581535
44,1111,D,1,ASP,CG,1333,53.43737867261258,36.293227754660045,21.67909597275628
45,1112,D,1,ASP,OD1,1334,52.63409452298281,36.455495610272436,22.620495313094118
46,1113,D,1,ASP,OD2,1335,54.3450199492373,35.43879389106969,21.701120634322702
47,280,C,0,ASP,CA,403,48.51736873603409,33.94280035658784,15.830712668768712
48,1094,D,1,ALA,CA,1316,46.26126040813551,39.425317023382476,23.435185511188873
49,1095,D,1,ALA,C,1317,47.651940421486294,40.04091755026203,23.492273966872006
50,1097,D,1,ALA,CB,1319,45.36173672922961,40.20977549499062,22.48037869438779
51,1098,D,1,LEU,N,1320,48.65629424577722,39.26185418270124,23.094260568910283
52,1099,D,1,LEU,CA,1321,50.01182677256666,39.76909325293816,22.933393871172566
53,1126,D,1,TYR,N,1348,46.11523153039168,34.2823877019563,24.821988511502827
54,1132,D,1,TYR,CD1,1354,49.09323964887706,35.174934481022305,25.364521361581126
55,1134,D,1,TYR,CE1,1356,50.28968856965899,35.314841339663175,24.685043583530227
56,1135,D,1,TYR,CE2,1357,50.96282921099055,33.144495826218794,25.43743047154704
57,1136,D,1,TYR,CZ,1358,51.22015694979651,34.29712140039246,24.725684926705448
58,1137,D,1,TYR,OH,1359,52.413177097433184,34.433943055708156,24.051927728621717
59,281,C,0,ASP,C,404,47.49458697020777,35.07475397083951,15.782014879539854
60,1091,D,1,ALA,O,1313,45.79323968230064,37.15013462763511,25.00388359121265
61,1102,D,1,LEU,CB,1324,50.91168406823958,39.26427468647941,24.061415618473003
62,282,C,0,ASP,O,405,46.58664817196462,35.150579194310026,16.624904951927952
63,1090,D,1,ALA,C,1312,45.475060040281846,38.262258960338976,25.437609523124475
64,1093,D,1,ALA,N,1315,45.69473570042728,39.39139772787154,24.77611028049852
65,1096,D,1,ALA,O,1318,47.807503369500466,41.19817893679776,23.89936149116935
66,1127,D,1,TYR,CA,1349,46.32556516927691,33.396440947378125,25.956289665696765
67,1131,D,1,TYR,CG,1353,48.80405214129533,34.02145512186838,26.084155263967972
68,1144,D,1,TRP,CD1,1366,42.788466864209084,31.381183137449753,24.783963115707813
69,1146,D,1,TRP,NE1,1368,42.05913171181826,31.936617465748746,23.76027373780351
70,1147,D,1,TRP,CE2,1369,40.88018632959326,32.4172365123649,24.265374834377376
71,1149,D,1,TRP,CZ2,1371,39.823620742178285,33.06070140811367,23.623219021953727
72,283,C,0,ASP,CB,406,49.90516412856165,34.479687398117164,16.177328094157126
73,284,C,0,ASP,CG,407,50.908275894891446,33.372961469557154,16.450896190439742
74,1133,D,1,TYR,CD2,1355,49.758162959859376,33.01167993384957,26.113010342561353
75,285,C,0,ASP,OD1,408,50.49724591609123,32.30170880411255,16.94099320461686
76,286,C,0,ASP,OD2,409,52.11075944318783,33.576047360376016,16.175330523081026
77,287,C,0,CYS,N,410,47.61824669424622,35.963304346082396,14.79161874500253
78,288,C,0,CYS,CA,411,46.666561698826385,37.06429831372537,14.680384969976448
79,289,C,0,CYS,C,412,45.2554305538453,36.55139532212101,14.434805221487945
80,290,C,0,CYS,O,413,44.28646482196227,37.22101517493901,14.797451968541276
81,599,D,1,ALA,CB,801,42.78158642197239,42.86371567603745,22.901873542975032
82,291,C,0,CYS,CB,414,47.08841630001755,38.036413161763676,13.575359894388887
83,292,C,0,CYS,SG,415,45.97884218052364,39.45315546534492,13.339799883791486
84,293,C,0,LYS,N,416,45.11368202660227,35.36696928730054,13.83552705313547
85,294,C,0,LYS,CA,417,43.78254389481646,34.782037457658745,13.711273164754855
86,295,C,0,LYS,C,418,43.233318532623855,34.392950214739756,15.07589311877945
87,296,C,0,LYS,O,419,42.05555492510163,34.62837225860088,15.365905784124429
88,639,D,1,TRP,CH2,841,33.92860555958716,34.30138483495511,20.9173903815219
89,1083,D,1,PHE,CD1,1305,41.19882451830073,37.88655763684507,24.63850234879058
90,1085,D,1,PHE,CE1,1307,40.50675504157956,38.917167514445474,24.03099257966473
91,1151,D,1,TRP,CH2,1373,38.755011329117245,33.43639448445545,24.3885383244061
92,297,C,0,LYS,CB,420,43.80684798399419,33.57075942191594,12.780300108551678
93,298,C,0,LYS,CG,421,42.44032294011836,32.93032814144124,12.588122900096304
94,299,C,0,LYS,CD,422,42.512770007665615,31.67055986813456,11.747082877283045
95,302,C,0,THR,N,425,44.06388807038066,33.775987561501104,15.91713287500782
96,303,C,0,THR,CA,426,43.6441972636735,33.4653039243758,17.279836182550618
97,1081,D,1,PHE,CB,1303,41.283243626158516,35.776318078194876,26.01684788577917
98,1082,D,1,PHE,CG,1304,40.52937724097399,36.90397058786287,25.356984800943923
99,1084,D,1,PHE,CD2,1306,39.14905945557802,36.96968133280579,25.438433615045742
100,1087,D,1,PHE,CZ,1309,39.13341342450025,38.972208645169154,24.124503417146997
101,1128,D,1,TYR,C,1350,45.04513277481856,33.34200681667085,26.774868805814442
102,1129,D,1,TYR,O,1351,44.34564517085952,34.35041347080083,26.909427758745924
103,1143,D,1,TRP,CG,1365,42.108232833735684,31.493698118125014,25.96037590164205
104,1145,D,1,TRP,CD2,1367,40.8736227486941,32.153136947251994,25.648223104836923
105,1148,D,1,TRP,CE3,1370,39.76677477327998,32.549763972121376,26.40575895380046
106,1150,D,1,TRP,CZ3,1372,38.719211227343756,33.1874893781785,25.766252954067216
107,304,C,0,THR,C,427,43.177478636656396,34.72518479371917,18.006111556123106
108,598,D,1,ALA,O,800,43.99991488929674,41.2563222467621,25.36617549469068
109,632,D,1,TRP,CD1,834,35.928909434750494,35.4757144375379,24.827943845100208
110,634,D,1,TRP,NE1,836,35.97150692208265,35.91305192333381,23.523938332231992
111,635,D,1,TRP,CE2,837,35.12304322731948,35.14728026723661,22.77021216883645
112,1078,D,1,PHE,CA,1300,41.83920581815528,36.11441290443651,27.41834206326932
113,1079,D,1,PHE,C,1301,42.63618476642218,37.40748965928419,27.367834023394455
114,1086,D,1,PHE,CE2,1308,38.45304956692254,37.995572295944314,24.82654149494245
115,1088,D,1,ALA,N,1310,43.896943052713546,37.27721873954506,26.966640764455608
116,1089,D,1,ALA,CA,1311,44.79606960939032,38.40305649811573,26.788046877507764
117,1130,D,1,TYR,CB,1352,47.492125478551806,33.8789333224678,26.827610015972596
118,1138,D,1,TRP,N,1360,44.734531118298136,32.16680180420826,27.314896388118875
119,305,C,0,THR,O,428,42.10059711558071,34.745651119782615,18.620343042668026
120,631,D,1,TRP,CG,833,35.04964566008064,34.44004596696351,24.946805250154284
121,633,D,1,TRP,CD2,835,34.52803938541952,34.20355350049577,23.63206146996814
122,636,D,1,TRP,CE3,838,33.61209240881064,33.292172801347355,23.10128151814177
123,638,D,1,TRP,CZ3,840,33.319699916734855,33.35251315581914,21.748903733571225
124,703,D,1,ARG,NH1,905,37.249845594585054,30.22325259471355,25.25417295170334
125,1077,D,1,PHE,N,1299,40.79175059249024,36.232016217277184,28.41585347224462
126,1080,D,1,PHE,O,1302,42.118754603927755,38.49108220852127,27.656607661697667
127,1139,D,1,TRP,CA,1361,43.49690666912848,31.968324898621333,28.04928432427124
128,1142,D,1,TRP,CB,1364,42.553041988076636,31.007910134077335,27.305238664443284
129,306,C,0,THR,CB,429,44.79385758551567,32.795687580704445,18.035532614108927
130,307,C,0,THR,OG1,430,45.242877799933076,31.6512127767581,17.299707043625997
131,308,C,0,THR,CG2,431,44.320635181162444,32.32192751013596,19.389902560450434
132,704,D,1,ARG,NH2,906,38.16404770306006,28.28310578876977,26.069272869655755
133,309,C,0,ILE,N,432,43.97027288681836,35.79923753526491,17.92412384187124
134,595,D,1,ALA,N,797,44.84743686821997,43.52676666321242,24.088637766460455
135,596,D,1,ALA,CA,798,43.41974884765876,43.281217764367256,24.232716405480723
136,597,D,1,ALA,C,799,43.211775065565774,42.200264643739985,25.28225071028838
137,310,C,0,ILE,CA,433,43.60168773588763,37.04138689282682,18.603161366623656
138,587,D,1,ASN,N,789,47.53605071535098,43.964170948515665,24.40506164706011
139,588,D,1,ASN,CA,790,46.83082109804736,44.82552005128432,23.466584204583516
140,589,D,1,ASN,C,791,45.323441866400785,44.61285114158289,23.48238885095657
141,590,D,1,ASN,O,792,44.591881698527274,45.4454759633365,22.9353224683478
142,591,D,1,ASN,CB,793,47.36901145098198,44.61154058223954,22.0461272602042
143,594,D,1,ASN,ND2,796,49.66042032622818,43.96478274753299,21.607070692449387
144,600,D,1,MET,N,802,42.15582436423045,42.34840928432065,26.08154745231643
145,601,D,1,MET,CA,803,41.74433294355547,41.315864117452755,27.023493464086023
146,602,D,1,MET,C,804,40.2267954603908,41.23202571195203,27.010566401260245
147,762,D,1,VAL,CG2,964,39.90990216186354,45.41050314833166,21.53697754649458
148,1092,D,1,ALA,CB,1314,45.841854885477716,38.47494258338695,27.90638517474309
149,311,C,0,ILE,C,434,42.3080973902584,37.612890460455915,18.027306619415597
150,741,D,1,ARG,CB,943,36.277443473218696,42.58915239785303,23.9667456049854
151,743,D,1,ARG,CD,945,36.27800435323197,43.55013085218738,21.67619761471784
152,744,D,1,ARG,NE,946,35.52540837837233,44.36236025700608,20.72846363697254
153,760,D,1,VAL,CB,962,40.71351468965973,46.66257055696719,21.853254496969488
154,761,D,1,VAL,CG1,963,41.951061516416175,46.75443501191681,20.96972307505973
155,312,C,0,ILE,O,435,41.415346574300735,38.03666567160865,18.77257942250141
156,603,D,1,MET,O,805,39.547155995613906,42.13903853562932,26.52862041299731
157,608,D,1,GLY,N,810,39.69194630855094,40.133950920140855,27.52997870027233
158,609,D,1,GLY,CA,811,38.24649324356143,40.013840717070934,27.567965224606034
159,720,D,1,PHE,CD1,922,33.48354629921851,38.63480151611768,23.07529471725646
160,722,D,1,PHE,CE1,924,33.93099121126203,39.9275422892347,23.27257457990645
161,724,D,1,PHE,CZ,926,33.04214507646528,40.98166706136523,23.20938824089531
162,738,D,1,ARG,CA,940,36.227169658171206,42.86717207903245,25.474874114230378
163,742,D,1,ARG,CG,944,35.753706000941115,43.704125377134666,23.090110951549825
164,745,D,1,ARG,CZ,947,34.43099229478115,43.94591874836757,20.103822215147332
165,746,D,1,ARG,NH1,948,33.95944515543172,42.72843570686607,20.338237101678963
166,751,D,1,ILE,O,953,40.75519055796902,44.87788674691774,25.486589716867048
167,757,D,1,VAL,CA,959,41.10247173205834,46.692538412009114,23.34490437104608
168,313,C,0,ILE,CB,436,44.75736714969518,38.058005248156,18.5300982972298
169,578,D,1,PHE,C,780,47.77312137507898,44.3503632438646,25.658141458288938
170,592,D,1,ASN,CG,794,48.83942317853557,44.960065974013354,21.92183565645815
171,593,D,1,ASN,OD1,795,49.23382748290729,46.11012804032401,22.109141524829475
172,1103,D,1,LEU,CG,1325,52.13362334733408,40.12537680262289,24.374395719724205
173,1104,D,1,LEU,CD1,1326,51.679886316773455,41.528294704263075,24.717285014330393
174,314,C,0,ILE,CG1,437,45.85370968831432,37.68673536263611,19.530463085754555
175,577,D,1,PHE,CA,779,48.47977179685014,43.33610702297009,26.548917804959324
176,580,D,1,PHE,CB,782,47.44584246048394,42.53937071694315,27.34845166044005
177,581,D,1,PHE,CG,783,48.038353680101,41.453547496021656,28.202141526571523
178,582,D,1,PHE,CD1,784,48.9265423295379,40.536880797348104,27.662212747421552
179,584,D,1,PHE,CE1,786,49.466642593002106,39.53387132355188,28.441223466783555
180,1105,D,1,LEU,CD2,1327,52.93939570619506,39.522872055809586,25.515357128257854
181,315,C,0,ILE,CG2,438,44.25683319986685,39.4636669420978,18.801667749219376
182,579,D,1,PHE,O,781,47.44524005520409,45.45856200411576,26.089529158455363
183,750,D,1,ILE,C,952,39.86681419211642,45.7006291047606,25.22442861142673
184,756,D,1,VAL,N,958,39.93264742925095,46.54823765317847,24.201415545265135
185,763,D,1,LYS,N,965,43.12713088294348,47.98478326494882,23.685592737134318
186,316,C,0,ILE,CD1,439,47.138298161797884,38.471412875974934,19.3594056279997
187,568,D,1,ARG,O,770,50.867482229216364,44.47307547675967,25.786354610032614
188,317,C,0,LEU,N,440,42.17759412770505,37.62117713725542,16.697913438505392
189,318,C,0,LEU,CA,441,41.0008338883396,38.21993486527541,16.06798525038796
190,319,C,0,LEU,C,442,39.73548877578951,37.43506924591021,16.38874794411039
191,719,D,1,PHE,CG,921,32.14523333704372,38.378979341970656,22.82216741629975
192,747,D,1,ARG,NH2,949,33.80274998645618,44.747356914875496,19.257841442732893
193,320,C,0,LEU,O,443,38.65965660707812,38.02239099959024,16.555028738010208
194,718,D,1,PHE,CB,920,31.666134922075457,36.971621670335125,22.602660940624233
195,721,D,1,PHE,CD2,923,31.26427264514129,39.44806388810827,22.752896264060777
196,723,D,1,PHE,CE2,925,31.708702614916756,40.74187867283536,22.951045967030456
197,321,C,0,LEU,CB,444,41.19547756340674,38.305938759510376,14.554454884015094
198,322,C,0,LEU,CG,445,42.23971974428067,39.28833547982563,14.020131993248215
199,324,C,0,LEU,CD2,447,41.986135906153166,40.68649862692674,14.543004875628679
200,325,C,0,LYS,N,448,39.8410688737884,36.10688946011506,16.465541820895602
201,326,C,0,LYS,CA,449,38.694930194398474,35.29628736135037,16.86222855508844
202,327,C,0,LYS,C,450,38.3454627742653,35.53476162321974,18.323705735441024
203,615,D,1,TRP,O,817,34.07012718851184,37.357876051703876,27.166781637515093
204,630,D,1,TRP,CB,832,34.72430329777702,33.67521173300278,26.195945331110938
205,697,D,1,ARG,O,899,30.84076696395264,30.952265743477305,21.99958635194901
206,698,D,1,ARG,CB,900,33.24540428739148,29.571442848632877,23.27897350046909
207,699,D,1,ARG,CG,901,34.171975288228516,28.57373749122345,23.95737986851437
208,702,D,1,ARG,CZ,904,37.102494835702394,28.975020306247373,25.679954477708396
209,707,D,1,GLU,C,909,30.701069254086754,33.91293939499615,24.388555392991663
210,714,D,1,PHE,N,916,30.638388026180507,34.99305019889981,23.610215033663714
211,715,D,1,PHE,CA,917,31.42039154058903,36.18828315116753,23.89302715021125
212,735,D,1,ALA,O,937,35.265698060722144,40.43955534764678,26.40321369261487
213,328,C,0,LYS,O,451,37.16502200145005,35.53182811354734,18.695256507740496
214,612,D,1,TRP,N,814,36.474590732045044,38.52146495671136,28.146973928835145
215,614,D,1,TRP,C,816,34.83619818735151,36.73378531497272,27.911677588009624
216,626,D,1,TRP,N,828,34.91146280311342,35.40477753068376,27.95569516306274
217,627,D,1,TRP,CA,829,34.00160311358229,34.49184211953312,27.281236654010097
218,695,D,1,ARG,CA,897,31.759549679993363,29.440418878336548,23.622663484148493
219,696,D,1,ARG,C,898,31.02923640383269,30.705469691282957,23.192088334694777
220,700,D,1,ARG,CD,902,34.66314895628052,29.08274565602718,25.30610968429493
221,705,D,1,GLU,N,907,30.596765982126982,31.4873550529446,24.175455822244032
222,706,D,1,GLU,CA,908,29.857787955522134,32.721825485250456,23.951493262967237
223,708,D,1,GLU,O,910,31.39055402899925,33.85707255154085,25.413753247537898
224,716,D,1,PHE,C,918,30.69811574771923,37.05571263023231,24.918216292703356
225,717,D,1,PHE,O,919,29.491734874499734,37.29484284935505,24.803255747156253
226,725,D,1,VAL,N,927,31.44066061752308,37.526831465520324,25.91925383413966
227,329,C,0,LYS,CB,452,38.98585601151732,33.81531039197903,16.611275601080294
228,330,C,0,LYS,CG,453,39.16930109785986,33.450816115259634,15.146118673466194
229,331,C,0,LYS,CD,454,39.201889906282254,31.942825554106047,14.94706230698351
230,332,C,0,LYS,CE,455,37.81972783571145,31.326864166706162,15.064797517977642
231,333,C,0,LYS,NZ,456,36.93776622145721,31.75572064446155,13.944292795779063
232,334,C,0,ALA,N,457,39.36174097857469,35.730905445601856,19.170251193397668
233,610,D,1,GLY,C,812,37.78122869216465,38.75788203110589,28.269437017597394
234,335,C,0,ALA,CA,458,39.11200720333007,35.98924725118102,20.58614898384448
235,611,D,1,GLY,O,813,38.56145658349606,38.032520507999195,28.889537895184965
236,613,D,1,TRP,CA,815,35.757900338214135,37.47844013399296,28.86485351385184
237,628,D,1,TRP,C,830,33.407287785951645,33.554448750179354,28.325043131492812
238,701,D,1,ARG,NE,903,35.89648241477967,28.415598104147755,25.716476257212157
239,732,D,1,ALA,N,934,32.6646020925215,39.9817273286794,27.06834546095762
240,734,D,1,ALA,C,936,34.544926902871076,41.43367438825781,26.48969069016122
241,737,D,1,ARG,N,939,34.90235589460328,42.63213271389191,26.031525700678593
242,1062,D,1,TYR,O,1284,37.0349849507211,34.63992728949766,29.763791066818193
243,1072,D,1,CYS,CA,1294,39.56518487348299,35.607835451924046,30.402830298762595
244,1073,D,1,CYS,C,1295,40.59866103019949,35.28867849749779,29.332115643992303
245,1074,D,1,CYS,O,1296,41.21007583333653,34.21688532421494,29.331539268081315
246,336,C,0,ALA,C,459,38.30394019157114,37.26548631042407,20.81266072342853
247,604,D,1,MET,CB,806,42.23673136135,41.5853411365486,28.454941658863838
248,616,D,1,TRP,CB,818,34.9347271430381,38.06869543705992,30.013615268065927
249,726,D,1,VAL,CA,928,30.87396548647622,38.31241858903197,27.014532109200605
250,727,D,1,VAL,C,929,31.358838405189015,39.75978932747413,26.970122671011055
251,733,D,1,ALA,CA,935,33.15718188370922,41.35282460330542,27.10803693140848
252,739,D,1,ARG,C,941,36.66143137823802,44.29726345668707,25.766122135755918
253,740,D,1,ARG,O,942,35.838530053145256,45.21718535771593,25.78335887465886
254,748,D,1,ILE,N,950,37.957464384343126,44.46691696302659,26.01473656589397
255,337,C,0,ALA,O,460,37.60230095279067,37.37878926661855,21.824236631959945
256,617,D,1,TRP,CG,819,35.74738531620096,38.525407865771875,31.177740455084763
257,629,D,1,TRP,O,831,33.92549670847175,33.42800246469169,29.436942339832726
258,640,D,1,ARG,N,842,32.30646471318691,32.895555522919665,27.970657356467754
259,728,D,1,VAL,O,930,30.546937157227035,40.683359261692125,26.842788700027903
260,729,D,1,VAL,CB,931,31.193979552009967,37.66514770983894,28.384898996865818
261,731,D,1,VAL,CG2,933,30.673836104759637,36.242946003656776,28.43118183618123
262,736,D,1,ALA,CB,938,33.1848702871541,41.896656412770426,28.544389365642054
263,749,D,1,ILE,CA,951,38.604939388652646,45.77197165206321,26.073892101712012
264,805,D,1,VAL,O,1007,32.569914987315045,44.389199856148366,25.5414527758897
265,892,D,1,ILE,CD1,1094,36.4759624452453,43.29531671316219,29.66675105915205
266,1061,D,1,TYR,C,1283,37.80261570363146,33.93749041234352,30.428036850244943
267,1063,D,1,TYR,CB,1285,37.754649218197315,31.619808887491057,29.551554924799454
268,1071,D,1,CYS,N,1293,38.96790962438018,34.37429059801665,30.886931910211825
269,338,C,0,ALA,CB,461,40.43599685537043,36.06607524662677,21.34633242249982
270,484,D,1,LEU,CD1,607,44.959473943165875,35.18143227982637,30.049239055199052
271,605,D,1,MET,CG,807,43.68067291307577,42.03054256223018,28.580538178604094
272,1140,D,1,TRP,C,1362,43.78491397786923,31.405174602032126,29.43132576126341
273,339,C,0,LEU,N,462,38.38739172613615,38.236881511049326,19.897908732131995
274,340,C,0,LEU,CA,463,37.697283491186944,39.507665555034094,20.107748045915212
275,802,D,1,VAL,N,1004,33.48307730760919,46.981670267608536,25.06411040138419
276,803,D,1,VAL,CA,1005,32.32592105420481,46.456099223769485,24.34755371619796
277,804,D,1,VAL,C,1006,31.79450706152577,45.25447348487373,25.115944731247037
278,806,D,1,VAL,CB,1008,32.68235665127965,46.07170596297737,22.90070835950102
279,807,D,1,VAL,CG1,1009,31.481841183023143,45.455413532662305,22.196464615607457
280,808,D,1,VAL,CG2,1010,33.1815998018423,47.28021414010054,22.138772494455484
281,341,C,0,LEU,C,464,36.183725478515626,39.391132357789594,19.975388096465082
282,809,D,1,LEU,N,1011,30.47609589916693,45.204156683571014,25.29656097213989
283,810,D,1,LEU,CA,1012,29.828390203910775,44.122777921796605,26.02269202499192
284,811,D,1,LEU,C,1013,28.73682494348812,43.5102613424843,25.160285089545567
285,817,D,1,ALA,N,1019,28.458224904421574,42.233366403290724,25.406809596428666
286,342,C,0,LEU,O,465,35.46901163698861,40.30733967716757,20.396340911692548
287,752,D,1,ILE,CB,954,38.94259414396793,46.203759553307485,27.510091765600027
288,790,D,1,ASP,O,992,35.85046002561592,49.51581901239443,24.22006703414343
289,797,D,1,PRO,C,999,33.49137040169111,48.172496024119894,25.658521237607495
290,812,D,1,LEU,O,1014,28.157389950102864,44.175799578029014,24.297185474513412
291,818,D,1,ALA,CA,1020,27.402732954046698,41.54781374897196,24.680290291213492
292,821,D,1,ALA,CB,1023,27.449268612232125,40.04607013403701,24.95987310098431
293,343,C,0,LEU,CB,466,38.20672619966173,40.57148502871911,19.129851193384013
294,758,D,1,VAL,C,960,41.793964437141526,47.99922323640194,23.707517951208516
295,344,C,0,LEU,CG,467,39.69413898504875,40.934257714607064,19.12622018238874
296,759,D,1,VAL,O,961,41.13091396750439,48.99895440210091,24.007823913593832
297,783,D,1,PHE,CD2,985,40.80513290172571,50.31662159517022,20.350369899462017
298,345,C,0,LEU,CD1,468,40.00859710087824,41.84109044307624,17.95028502432682
299,780,D,1,PHE,CB,982,38.92301400682864,50.685312436425626,21.973129748930134
300,781,D,1,PHE,CG,983,39.592052504551845,50.91547322585999,20.646354146361553
301,346,C,0,LEU,CD2,469,40.085755637577755,41.60067033882544,20.43216873104767
302,753,D,1,ILE,CG1,955,37.66888923978951,46.39823321036603,28.33321557996948
303,754,D,1,ILE,CG2,956,39.765389119397376,47.48327228110563,27.49798359436742
304,764,D,1,LYS,CA,966,43.90776035049406,49.10540545522888,24.196021518693122
305,765,D,1,LYS,C,967,43.56758007831948,50.403929660492345,23.47490760898944
306,766,D,1,LYS,O,968,43.633855903223385,50.4891296993208,22.245155411017453
307,767,D,1,LYS,CB,969,45.39830415822527,48.811172505553856,24.06141420626294
308,347,C,0,GLY,N,470,35.676443966262504,38.299501265021945,19.408617398008396
309,348,C,0,GLY,CA,471,34.25149931208916,38.11487590674784,19.266250935577876
310,709,D,1,GLU,CB,911,28.53530972707781,32.701130196705556,24.724085031188206
311,710,D,1,GLU,CG,912,27.80474006139626,34.03569962474672,24.780453509292876
312,349,C,0,GLY,C,472,33.65361557751083,38.9298596197125,18.135138833472613
313,350,C,0,GLY,O,473,34.36036606153777,39.44433026553443,17.261719284850496
314,351,C,0,PRO,N,474,32.33091342672446,39.067727916286856,18.138653531867085
315,819,D,1,ALA,C,1021,26.036744743832315,42.11304830773118,25.056860474764445
316,822,D,1,ASP,N,1024,25.065064205256498,41.899275073868715,24.164782039066665
317,352,C,0,PRO,CA,475,31.64664859542019,39.70698755324945,17.011330260932517
318,828,D,1,ASP,OD1,1030,24.42729924569268,43.81314038909566,22.124938561854783
319,353,C,0,PRO,C,476,31.672079452176035,41.22616502447709,17.090722215430688
320,827,D,1,ASP,CG,1029,23.367659773505867,43.17104477818239,21.976481782186173
321,829,D,1,ASP,OD2,1031,22.68254194138526,43.22120909728126,20.928625352516676
322,354,C,0,PRO,O,477,31.793242296340708,41.82281017710798,18.16390212906865
323,813,D,1,LEU,CB,1015,29.235248327262177,44.60733232505016,27.35545897553255
324,820,D,1,ALA,O,1022,25.85177222154558,42.714907447630786,26.11787684679561
325,850,D,1,LYS,CE,1052,26.05569156478536,46.679907428259874,23.892582247183245
326,851,D,1,LYS,NZ,1053,25.60190446644645,47.53959398725671,22.764265673848737
327,355,C,0,PRO,CB,478,30.21379735873446,39.17599464390851,17.13471933564271
328,826,D,1,ASP,CB,1028,22.88682567305988,42.287293048088586,23.112865717044684
329,356,C,0,PRO,CG,479,30.03335276664486,39.01417689548194,18.60713224154912
330,711,D,1,GLU,CD,913,26.545394943808155,33.982806121439154,25.62998346880864
331,712,D,1,GLU,OE1,914,25.766658325632058,34.96011763293359,25.60412831434897
332,823,D,1,ASP,CA,1025,23.728340163712158,42.44170937325306,24.381228031426872
333,830,D,1,SER,N,1032,23.29094486444209,40.48566429658037,25.78274221622878
334,835,D,1,SER,OG,1037,24.265719149996162,37.938635062326455,26.629365610707392
335,357,C,0,PRO,CD,480,31.375846997810527,38.547517398558696,19.133367125624897
336,358,C,0,GLY,N,481,31.55661445011556,41.848930244386096,15.916969552315127
337,359,C,0,GLY,CA,482,31.382554864371645,43.28169526350155,15.81742729691701
338,360,C,0,GLY,C,483,32.644615713494346,44.106547193857274,15.93370156793224
339,361,C,0,GLY,O,484,32.55785148635654,45.34123787822141,15.89730262792581
340,782,D,1,PHE,CD1,984,39.00379968410943,51.73057186009671,19.694485544238876
341,784,D,1,PHE,CE1,986,39.61088255844627,51.94589927164938,18.471336538793935
342,362,C,0,ALA,N,485,33.80702764160085,43.473903654071705,16.07403923558895
343,363,C,0,ALA,CA,486,35.05203612770868,44.21041839910964,16.242579734761005
344,364,C,0,ALA,C,487,35.355546552965684,45.05903799262735,15.01435328688661
345,365,C,0,ALA,O,488,35.259710243046456,44.58754058310244,13.877883492077984
346,366,C,0,ALA,CB,489,36.200462441243715,43.23897875161443,16.513636949486465
347,367,C,0,THR,N,490,35.72785478858194,46.3156812818796,15.24869325631056
348,368,C,0,THR,CA,491,36.07628203446464,47.21622682104034,14.162622270497803
349,369,C,0,THR,C,492,37.4452721087317,46.85299045838903,13.588431952392298
350,370,C,0,THR,O,493,38.21247985847513,46.0786937680039,14.16979234319328
351,371,C,0,THR,CB,494,36.07338536255749,48.66733277081745,14.644046337006017
352,777,D,1,PHE,CA,979,39.19670031916356,51.785670508429874,23.008206033952455
353,787,D,1,ASP,N,989,37.00760520775242,51.97937053897678,24.004904529668174
354,372,C,0,THR,OG1,495,36.83404545632523,48.77047243009433,15.854122546355459
355,774,D,1,GLY,C,976,41.355678176051015,52.850285620921746,23.399984384201133
356,775,D,1,GLY,O,977,40.90593324841186,53.97040224768997,23.137898057773665
357,776,D,1,PHE,N,978,40.58850941897302,51.766221564774675,23.42795258638415
358,778,D,1,PHE,C,980,38.272101462165224,51.612731706659766,24.207421662803117
359,779,D,1,PHE,O,981,38.68570836874498,51.1727053703938,25.28416450592856
360,788,D,1,ASP,CA,990,35.9912544777403,51.780622809606555,25.019135042753827
361,789,D,1,ASP,C,991,35.65671790712081,50.29752544307615,25.15623531375553
362,791,D,1,ASP,CB,993,34.73498524994902,52.57841180202693,24.67491803144032
363,373,C,0,THR,CG2,496,34.65275585615257,49.13763634740313,14.905901929618482
364,374,C,0,LEU,N,497,37.74862071095691,47.428168128156585,12.421356858951958
365,375,C,0,LEU,CA,498,39.04750339070455,47.19748154824574,11.799192502772163
366,376,C,0,LEU,C,499,40.175031528405825,47.81647551290522,12.61270450047536
367,377,C,0,LEU,O,500,41.29318323205938,47.28995611987089,12.623799381069507
368,378,C,0,LEU,CB,501,39.04498393146082,47.76259236840124,10.377630891983415
369,379,C,0,LEU,CG,502,40.32127527281658,47.64313616833276,9.544422857789355
370,382,C,0,GLU,N,505,39.89802146458828,48.924382128276505,13.300102024591023
371,383,C,0,GLU,CA,506,40.903680002991926,49.547861807060166,14.152417103819168
372,384,C,0,GLU,C,507,41.13712293361976,48.741768059600446,15.424571288046156
373,772,D,1,GLY,N,974,43.20906413696581,51.41877413712021,24.26027058752434
374,773,D,1,GLY,CA,975,42.820739555260914,52.708522760752196,23.742955879553346
375,385,C,0,GLU,O,508,42.28339846218409,48.57898650019156,15.86003492203982
376,768,D,1,LYS,CG,970,46.282079518122,49.9656849081651,24.503532092641947
377,386,C,0,GLU,CB,509,40.487667425863606,50.98053358353064,14.466313769261783
378,387,C,0,GLU,CG,510,40.244484849558816,51.810524482708004,13.217117490903371
379,388,C,0,GLU,CD,511,38.825428645133194,51.72187676517953,12.698443151015482
380,389,C,0,GLU,OE1,512,37.99287171014741,51.047866223322075,13.340841578373526
381,390,C,0,GLU,OE2,513,38.539912989282385,52.342664622625975,11.652795387037981
382,391,C,0,GLU,N,514,40.065267614659554,48.23640298661642,16.039840593492624
383,392,C,0,GLU,CA,515,40.228973194564404,47.32134560129796,17.164581659108247
384,393,C,0,GLU,C,516,41.01555569938658,46.0908765372253,16.736961681244946
385,394,C,0,GLU,O,517,41.902911896963595,45.62122102924572,17.4609372902582
386,395,C,0,GLU,CB,518,38.86241865320924,46.91138944062676,17.71550418708228
387,795,D,1,PRO,N,997,35.15543975093904,49.88221930352404,26.315895186556745
388,796,D,1,PRO,CA,998,34.73176135992506,48.487987590844,26.480356587332373
389,396,C,0,GLU,CG,519,38.262309057242994,47.871665899843535,18.724144655585967
390,792,D,1,ASP,CG,994,34.82458056732935,54.026886050165714,25.11229319258038
391,794,D,1,ASP,OD2,996,34.35576954940408,54.90934439960384,24.36134080329142
392,798,D,1,PRO,O,1000,32.56715314357399,48.982584404435556,25.555621889329483
393,801,D,1,PRO,CD,1003,35.12337378625191,50.62023117812834,27.591634676755163
394,397,C,0,GLU,CD,520,36.85585855625492,47.4705706511826,19.13619027171604
395,793,D,1,ASP,OD1,995,35.40518080252335,54.28770576754705,26.18760870066059
396,799,D,1,PRO,CB,1001,34.4455638320378,48.37545893504636,27.98291749347083
397,800,D,1,PRO,CG,1002,35.173616241935264,49.52528819057496,28.607291877613097
398,398,C,0,GLU,OE1,521,36.62611044419234,47.24688428098577,20.343957307527102
399,755,D,1,ILE,CD1,957,37.9122341365828,47.037320052373666,29.687813774851403
400,815,D,1,LEU,CD1,1017,30.575744303595236,46.5697369910042,28.23363462110506
401,399,C,0,GLU,OE2,522,35.9866208780775,47.34738458246594,18.24476441876422
402,400,C,0,MET,N,523,40.70870997659079,45.57003502224457,15.547395870255702
403,401,C,0,MET,CA,524,41.401665327261696,44.39876694754821,15.0256632000369
404,402,C,0,MET,C,525,42.88049501637465,44.69291459926566,14.79650406409166
405,403,C,0,MET,O,526,43.738797763068256,43.84118614627318,15.05804571924671
406,404,C,0,MET,CB,527,40.723897621944296,43.94764525757767,13.731264050443965
407,405,C,0,MET,CG,528,39.43947883524573,43.1533608133423,13.94811100574077
408,406,C,0,MET,SD,529,38.57455769450894,42.74285458650873,12.4181763476467
409,408,C,0,MET,N,531,43.19676415509117,45.89831319592342,14.313566122870402
410,409,C,0,MET,CA,532,44.58840103529449,46.25854837565598,14.054677326393954
411,410,C,0,MET,C,533,45.362419000586165,46.465978367058156,15.352429609409722
412,411,C,0,MET,O,534,46.53488110477255,46.08313768705051,15.449092052882314
413,769,D,1,LYS,CD,971,47.735669948770045,49.552606683527024,24.588768471367793
414,412,C,0,MET,CB,535,44.65373581625603,47.515838699148574,13.189732583159696
415,413,C,0,MET,CG,536,44.566332467613435,47.25543516016269,11.69424013866869
416,414,C,0,MET,SD,537,44.318187884666145,48.77130927719125,10.745551081455094
417,415,C,0,MET,CE,538,45.34532714234138,49.919025995237796,11.655033505946543
418,416,C,0,THR,N,539,44.73361771989002,47.090135363054976,16.35243910623619
419,417,C,0,THR,CA,540,45.39454638402173,47.271988429238775,17.6427327794938
420,770,D,1,LYS,CE,972,47.96540977727755,48.65145727173718,25.78611150860823
421,771,D,1,LYS,NZ,973,47.22625122309669,49.14207714168748,26.982363478299902
422,418,C,0,THR,C,541,45.62528335143798,45.93348573403996,18.33507372643619
423,419,C,0,THR,O,542,46.6701422306299,45.721436836199835,18.962697170468196
424,562,D,1,SER,O,764,50.062645363776554,47.59676196341048,27.989733459242192
425,567,D,1,ARG,C,769,50.55933976184375,44.51506096880908,26.9841323182318
426,576,D,1,PHE,N,778,49.417993120906246,44.00418035755667,27.44237444447843
427,420,C,0,THR,CB,543,44.57178256090143,48.202153797859374,18.536467123906817
428,421,C,0,THR,OG1,544,44.3952440216511,49.46530642319612,17.884745105509218
429,422,C,0,THR,CG2,545,45.27372705606196,48.423067921396196,19.87241093849477
430,423,C,0,ALA,N,546,44.65397369454062,45.021588335514224,18.238442028842204
431,424,C,0,ALA,CA,547,44.74236096083693,43.76227870282115,18.971905006887514
432,425,C,0,ALA,C,548,45.89373438824636,42.89031738850798,18.48080451106539
433,426,C,0,ALA,O,549,46.449141411960404,42.103803369022806,19.25709101433746
434,427,C,0,ALA,CB,550,43.4211923886035,43.002318288735324,18.861493174345956
435,428,C,0,CYS,N,551,46.261123736173,43.001883602770675,17.204517691081286
436,429,C,0,CYS,CA,552,47.27449728413026,42.139895590057606,16.610210768490376
437,430,C,0,CYS,C,553,48.65329075224584,42.786967991362296,16.532057843070906
438,431,C,0,CYS,O,554,49.56552704709415,42.183944092416034,15.960682205104895
439,432,C,0,CYS,CB,555,46.83523284205296,41.69434586180549,15.208998011775329
440,433,C,0,CYS,SG,556,45.73721541354882,40.25627251999871,15.195257914037793
441,434,C,0,GLN,N,557,48.83178291006943,43.99149893674291,17.08326628931967
442,435,C,0,GLN,CA,558,50.09867602656331,44.697257492730955,16.914978761469033
443,436,C,0,GLN,C,559,51.24569314606669,44.06852364997917,17.697257792598435
444,570,D,1,ARG,CG,772,53.06930952429664,43.24223531899699,27.49163173375129
445,437,C,0,GLN,O,560,52.398943708242726,44.460547138244316,17.487962007908248
446,438,C,0,GLN,CB,561,49.94806047834182,46.163469880325714,17.327897871099008
447,439,C,0,GLN,CG,562,49.94262190367924,46.39907910514383,18.831111666633845
448,566,D,1,ARG,CA,768,51.47764981816495,45.21358060842062,27.98136546726783
449,440,C,0,GLN,CD,563,49.5663145868057,47.82199318362314,19.194659914508577
450,561,D,1,SER,C,763,50.07311588093432,46.91378821338486,29.021060383668384
451,441,C,0,GLN,OE1,564,49.386791170715995,48.670401548987755,18.322714624564977
452,442,C,0,GLN,NE2,565,49.44713010035376,48.09173467717057,20.490254212446015
453,560,D,1,SER,CA,762,49.29406294499289,47.39535667683458,30.238514012358912
454,565,D,1,ARG,N,767,50.738297466455364,45.75819596868775,29.1125755314834
455,569,D,1,ARG,CB,771,52.55237058972359,44.24937762540196,28.50075536967097
456,443,C,0,GLY,N,566,50.96772422928282,43.11122116622126,18.580286238285744
457,444,C,0,GLY,CA,567,52.01860273448138,42.404697152459974,19.285189199898397
458,571,D,1,ARG,CD,773,53.83716311578475,42.1203131330179,28.1745061516692
459,445,C,0,GLY,C,568,52.585665478064385,41.21085776025841,18.55730710060764
460,446,C,0,GLY,O,569,53.57228131836586,40.62532018465549,19.013096450223525
461,447,C,0,VAL,N,570,51.977262590222324,40.82701246221116,17.438658937317484
462,448,C,0,VAL,CA,571,52.39080623195111,39.650198583432356,16.68877644579013
463,449,C,0,VAL,C,572,53.712850783980016,39.90383561926667,15.974253208586562
464,450,C,0,VAL,O,573,53.79205953288233,40.73651077706705,15.070072333053673
465,451,C,0,VAL,CB,574,51.29939312637192,39.23007483428725,15.687064177534292
466,452,C,0,VAL,CG1,575,51.835610357310415,38.19315726585414,14.709097901265308
467,453,C,0,VAL,CG2,576,50.07421619667328,38.70730220995682,16.425850529726098
